Cites,Authors,Title,Year,Source,Publisher,ArticleURL,CitesURL,GSRank,QueryDate,Type,DOI,ISSN,CitationURL,Volume,Issue,StartPage,EndPage,ECC,CitesPerYear,CitesPerAuthor,AuthorCount,Age,Abstract,FullTextURL,RelatedURL
66,"K Brodersen, N Hammami, TR Katapally","Smartphone use and mental health among youth: it is time to develop smartphone-specific screen time guidelines",2022,"Youth","mdpi.com","https://www.mdpi.com/2673-995X/2/1/3","https://scholar.google.com/scholar?cites=13960013604721853863&as_sdt=2005&sciodt=2007&hl=en",1,"2026-04-01 00:54:51","HTML","","",,,,,,66,16.50,22,3,4,"… the association between youth smartphone use and mental health problems by … youth who reported high smartphone use in general were more likely to report poorer mental health…","https://www.mdpi.com/2673-995X/2/1/3","https://scholar.google.com/scholar?q=related:pwURAWnuu8EJ:scholar.google.com/&scioq=%22digital+device*%22%7Csmartphone*%7C%22mobile+phone*%22%7C%22screen+time%22%7C%22social+media%22%7C%22internet+use%22%7C%22digital+technolog*%22%7C%22online+activity%22+%22mental+health%22%7Cwellbeing%7C%22well+being%22%7Cdepression%7Canxiety%7Cstress%7C%22psychological+distress%22%7C%22mental+disorder*%22+%22young+adult*%22%7Cyouth%7C%22college+student*%22%7C%22university+student*%22%7Cadolescent*&hl=en&as_sdt=2007"
100,"JM Vaterlaus, A Aylward, D Tarabochia…","“A smartphone made my life easier”: An exploratory study on age of adolescent smartphone acquisition and well-being",2021,"Computers in Human …","Elsevier","https://www.sciencedirect.com/science/article/pii/S0747563220303125","https://scholar.google.com/scholar?cites=13959166744259201618&as_sdt=2005&sciodt=2007&hl=en",2,"2026-04-01 00:54:51","","","",,,,,,100,20.00,25,4,5,"… to determine if age of smartphone acquisition was predictive of well-being outcomes in later … age of smartphone acquisition was largely not predictive of later well-being (ie, depression, …","","https://scholar.google.com/scholar?q=related:UgoE8DHsuMEJ:scholar.google.com/&scioq=%22digital+device*%22%7Csmartphone*%7C%22mobile+phone*%22%7C%22screen+time%22%7C%22social+media%22%7C%22internet+use%22%7C%22digital+technolog*%22%7C%22online+activity%22+%22mental+health%22%7Cwellbeing%7C%22well+being%22%7Cdepression%7Canxiety%7Cstress%7C%22psychological+distress%22%7C%22mental+disorder*%22+%22young+adult*%22%7Cyouth%7C%22college+student*%22%7C%22university+student*%22%7Cadolescent*&hl=en&as_sdt=2007"
152,"FS Pereira, GG Bevilacqua…","Impact of problematic smartphone use on mental health of adolescent students: Association with mood, symptoms of depression, and physical activity",2020,"Cyberpsychology …","journals.sagepub.com","https://journals.sagepub.com/doi/abs/10.1089/cyber.2019.0257","https://scholar.google.com/scholar?cites=2779335836956102452&as_sdt=2005&sciodt=2007&hl=en",3,"2026-04-01 00:54:51","","10.1089/cyber.2019.0257","",,,,,,152,25.33,51,3,6,"… smartphone use by adolescent students leads to decreased physical activity, which can lead to impaired mental health… problematic smartphone use and mood, symptoms of depression, …","","https://scholar.google.com/scholar?q=related:NA9I2TcvkiYJ:scholar.google.com/&scioq=%22digital+device*%22%7Csmartphone*%7C%22mobile+phone*%22%7C%22screen+time%22%7C%22social+media%22%7C%22internet+use%22%7C%22digital+technolog*%22%7C%22online+activity%22+%22mental+health%22%7Cwellbeing%7C%22well+being%22%7Cdepression%7Canxiety%7Cstress%7C%22psychological+distress%22%7C%22mental+disorder*%22+%22young+adult*%22%7Cyouth%7C%22college+student*%22%7C%22university+student*%22%7Cadolescent*&hl=en&as_sdt=2007"
187,"SY Yang, CY Lin, YC Huang…","Gender differences in the association of smartphone use with the vitality and mental health of adolescent students",2018,"Journal of American …","Taylor &Francis","https://www.tandfonline.com/doi/abs/10.1080/07448481.2018.1454930","https://scholar.google.com/scholar?cites=12449995903723599934&as_sdt=2005&sciodt=2007&hl=en",4,"2026-04-01 00:54:51","","10.1080/07448481.2018.1454930","",,,,,,187,23.38,47,4,8,"… degrees of smartphone dependence and smartphone influence… of smartphone use on weekends and the vitality/mental health … smartphone dependence and the vitality/mental health of …","","https://scholar.google.com/scholar?q=related:PniDwE9Fx6wJ:scholar.google.com/&scioq=%22digital+device*%22%7Csmartphone*%7C%22mobile+phone*%22%7C%22screen+time%22%7C%22social+media%22%7C%22internet+use%22%7C%22digital+technolog*%22%7C%22online+activity%22+%22mental+health%22%7Cwellbeing%7C%22well+being%22%7Cdepression%7Canxiety%7Cstress%7C%22psychological+distress%22%7C%22mental+disorder*%22+%22young+adult*%22%7Cyouth%7C%22college+student*%22%7C%22university+student*%22%7Cadolescent*&hl=en&as_sdt=2007"
140,"LJ Bry, T Chou, E Miguel, JS Comer","Consumer smartphone apps marketed for child and adolescent anxiety: a systematic review and content analysis",2018,"Behavior therapy","Elsevier","https://www.sciencedirect.com/science/article/pii/S0005789417300849","https://scholar.google.com/scholar?cites=13925334330659698627&as_sdt=2005&sciodt=2007&hl=en",5,"2026-04-01 00:54:51","","","",,,,,,140,17.50,35,4,8,"… To increase the reach of mental health care, … for anxiety in youth. Systematic inventory of the Google Play Store and Apple Store using keyword searches for child and adolescent anxiety …","https://pmc.ncbi.nlm.nih.gov/articles/PMC6082393/pdf/nihms896370.pdf","https://scholar.google.com/scholar?q=related:w_eFTcu5QMEJ:scholar.google.com/&scioq=%22digital+device*%22%7Csmartphone*%7C%22mobile+phone*%22%7C%22screen+time%22%7C%22social+media%22%7C%22internet+use%22%7C%22digital+technolog*%22%7C%22online+activity%22+%22mental+health%22%7Cwellbeing%7C%22well+being%22%7Cdepression%7Canxiety%7Cstress%7C%22psychological+distress%22%7C%22mental+disorder*%22+%22young+adult*%22%7Cyouth%7C%22college+student*%22%7C%22university+student*%22%7Cadolescent*&hl=en&as_sdt=2007"
23,"CJ Funkhouser, E Trivedi, LY Li…","Detecting adolescent depression through passive monitoring of linguistic markers in smartphone communication",2024,"Journal of Child …","Wiley Online Library","https://acamh.onlinelibrary.wiley.com/doi/abs/10.1111/jcpp.13931","https://scholar.google.com/scholar?cites=15290997414702573376&as_sdt=2005&sciodt=2007&hl=en",6,"2026-04-01 00:54:51","","10.1111/jcpp.13931","",,,,,,23,11.50,6,4,2,"… associations between smartphone communication and adolescent depression could inform … This study tested whether linguistic features extracted from smartphone communication …","https://pmc.ncbi.nlm.nih.gov/articles/PMC11161327/","https://scholar.google.com/scholar?q=related:QGfDLCKJNNQJ:scholar.google.com/&scioq=%22digital+device*%22%7Csmartphone*%7C%22mobile+phone*%22%7C%22screen+time%22%7C%22social+media%22%7C%22internet+use%22%7C%22digital+technolog*%22%7C%22online+activity%22+%22mental+health%22%7Cwellbeing%7C%22well+being%22%7Cdepression%7Canxiety%7Cstress%7C%22psychological+distress%22%7C%22mental+disorder*%22+%22young+adult*%22%7Cyouth%7C%22college+student*%22%7C%22university+student*%22%7Cadolescent*&hl=en&as_sdt=2007"
18,"S Marin-Dragu, A Forbes, S Sheikh, RS Iyer…","Associations of active and passive smartphone use with measures of youth mental health during the COVID-19 pandemic",2023,"Psychiatry …","Elsevier","https://www.sciencedirect.com/science/article/pii/S0165178123002482","https://scholar.google.com/scholar?cites=16586236438507612610&as_sdt=2005&sciodt=2007&hl=en",7,"2026-04-01 00:54:51","","","",,,,,,18,6.00,4,5,3,"… use, would be associated with worse mental health in youth and whether an active form of … targeting passive smartphone use may contribute to improving the mental health of youth. …","https://pmc.ncbi.nlm.nih.gov/articles/PMC10256630/pdf/main.pdf","https://scholar.google.com/scholar?q=related:wunixSkmLuYJ:scholar.google.com/&scioq=%22digital+device*%22%7Csmartphone*%7C%22mobile+phone*%22%7C%22screen+time%22%7C%22social+media%22%7C%22internet+use%22%7C%22digital+technolog*%22%7C%22online+activity%22+%22mental+health%22%7Cwellbeing%7C%22well+being%22%7Cdepression%7Canxiety%7Cstress%7C%22psychological+distress%22%7C%22mental+disorder*%22+%22young+adult*%22%7Cyouth%7C%22college+student*%22%7C%22university+student*%22%7Cadolescent*&hl=en&as_sdt=2007"
48,"SH Li, MR Achilles, S Spanos, S Habak…","A cognitive behavioural therapy smartphone app for adolescent depression and anxiety: co-design of ClearlyMe",2022,"The Cognitive …","cambridge.org","https://www.cambridge.org/core/journals/the-cognitive-behaviour-therapist/article/cognitive-behavioural-therapy-smartphone-app-for-adolescent-depression-and-anxiety-codesign-of-clearlyme/062ACEC2F0323E7E1FA7EA18B1DC1CC9","https://scholar.google.com/scholar?cites=5971305415939959577&as_sdt=2005&sciodt=2007&hl=en",8,"2026-04-01 00:54:51","","","",,,,,,48,12.00,10,5,4,"… to reduce depression and anxiety symptoms in adolescents. The aim of this study was to design a new CBT smartphone app (ClearlyMe) that targets depressive and anxiety symptoms …","https://www.cambridge.org/core/services/aop-cambridge-core/content/view/062ACEC2F0323E7E1FA7EA18B1DC1CC9/S1754470X22000095a.pdf/div-class-title-a-cognitive-behavioural-therapy-smartphone-app-for-adolescent-depression-and-anxiety-co-design-of-clearlyme-div.pdf","https://scholar.google.com/scholar?q=related:Gat3cqNW3lIJ:scholar.google.com/&scioq=%22digital+device*%22%7Csmartphone*%7C%22mobile+phone*%22%7C%22screen+time%22%7C%22social+media%22%7C%22internet+use%22%7C%22digital+technolog*%22%7C%22online+activity%22+%22mental+health%22%7Cwellbeing%7C%22well+being%22%7Cdepression%7Canxiety%7Cstress%7C%22psychological+distress%22%7C%22mental+disorder*%22+%22young+adult*%22%7Cyouth%7C%22college+student*%22%7C%22university+student*%22%7Cadolescent*&hl=en&as_sdt=2007"
84,"RD Stoll, AA Pina, K Gary, A Amresh","Usability of a smartphone application to support the prevention and early intervention of anxiety in youth",2017,"Cognitive and behavioral practice","Elsevier","https://www.sciencedirect.com/science/article/pii/S1077722917300032","https://scholar.google.com/scholar?cites=8702327171862285897&as_sdt=2005&sciodt=2007&hl=en",9,"2026-04-01 00:54:51","","","",,,,,,84,9.33,21,4,9,"… prevention efforts for child anxiety, since program effects are … of a smartphone application (app) corresponding to an indicated prevention and early intervention targeting youth anxiety. …","https://pmc.ncbi.nlm.nih.gov/articles/PMC5648068/pdf/nihms-764095.pdf","https://scholar.google.com/scholar?q=related:Sc4UtnTgxHgJ:scholar.google.com/&scioq=%22digital+device*%22%7Csmartphone*%7C%22mobile+phone*%22%7C%22screen+time%22%7C%22social+media%22%7C%22internet+use%22%7C%22digital+technolog*%22%7C%22online+activity%22+%22mental+health%22%7Cwellbeing%7C%22well+being%22%7Cdepression%7Canxiety%7Cstress%7C%22psychological+distress%22%7C%22mental+disorder*%22+%22young+adult*%22%7Cyouth%7C%22college+student*%22%7C%22university+student*%22%7Cadolescent*&hl=en&as_sdt=2007"
81,"P Wang, S Liu, M Zhao, X Yang, G Zhang, X Chu…","How is problematic smartphone use related to adolescent depression? A moderated mediation analysis",2019,"Children and Youth …","Elsevier","https://www.sciencedirect.com/science/article/pii/S019074091930369X","https://scholar.google.com/scholar?cites=271710924474357149&as_sdt=2005&sciodt=2007&hl=en",10,"2026-04-01 00:54:51","","","",,,,,,81,11.57,12,7,7,"… problematic smartphone use and adolescent depression, and (b) … problematic smartphone use and adolescent depression. This … smartphone use was positively related to adolescent …","","https://scholar.google.com/scholar?q=related:nRXjbqVPxQMJ:scholar.google.com/&scioq=%22digital+device*%22%7Csmartphone*%7C%22mobile+phone*%22%7C%22screen+time%22%7C%22social+media%22%7C%22internet+use%22%7C%22digital+technolog*%22%7C%22online+activity%22+%22mental+health%22%7Cwellbeing%7C%22well+being%22%7Cdepression%7Canxiety%7Cstress%7C%22psychological+distress%22%7C%22mental+disorder*%22+%22young+adult*%22%7Cyouth%7C%22college+student*%22%7C%22university+student*%22%7Cadolescent*&hl=en&as_sdt=2007"
14,"JL Hamilton, MJ Dreier, B Caproni, J Fedor…","Improving the science of adolescent social media and mental health: Challenges and opportunities of smartphone-based mobile sensing and digital …",2025,"Journal of Technology in …","Springer","https://link.springer.com/article/10.1007/s41347-024-00443-5","https://scholar.google.com/scholar?cites=5456512987296048546&as_sdt=2005&sciodt=2007&hl=en",11,"2026-04-01 00:54:51","HTML","10.1007/s41347-024-00443-5","",,,,,,14,14.00,3,5,1,"… The impact of social media (SM) use (‘screentime’) on adolescent mental health has been … the dynamic interplay of SM use and mental health. Smartphone-based mobile sensing offers …","https://link.springer.com/article/10.1007/s41347-024-00443-5","https://scholar.google.com/scholar?q=related:oiUW8KZtuUsJ:scholar.google.com/&scioq=%22digital+device*%22%7Csmartphone*%7C%22mobile+phone*%22%7C%22screen+time%22%7C%22social+media%22%7C%22internet+use%22%7C%22digital+technolog*%22%7C%22online+activity%22+%22mental+health%22%7Cwellbeing%7C%22well+being%22%7Cdepression%7Canxiety%7Cstress%7C%22psychological+distress%22%7C%22mental+disorder*%22+%22young+adult*%22%7Cyouth%7C%22college+student*%22%7C%22university+student*%22%7Cadolescent*&hl=en&as_sdt=2007"
26,"R Rudolf, N Kim","Smartphone use, gender, and adolescent mental health: Longitudinal evidence from South Korea",2024,"SSM-Population Health","Elsevier","https://www.sciencedirect.com/science/article/pii/S235282732400123X","https://scholar.google.com/scholar?cites=5759895901606191800&as_sdt=2005&sciodt=2007&hl=en",12,"2026-04-01 00:54:51","HTML","","",,,,,,26,13.00,13,2,2,"Purpose This study investigates the relationship between smartphone use time (SUT), gender, and adolescent mental health. Potential mechanisms that underlie this link are also …","https://www.sciencedirect.com/science/article/pii/S235282732400123X","https://scholar.google.com/scholar?q=related:uCJ3Js5C708J:scholar.google.com/&scioq=%22digital+device*%22%7Csmartphone*%7C%22mobile+phone*%22%7C%22screen+time%22%7C%22social+media%22%7C%22internet+use%22%7C%22digital+technolog*%22%7C%22online+activity%22+%22mental+health%22%7Cwellbeing%7C%22well+being%22%7Cdepression%7Canxiety%7Cstress%7C%22psychological+distress%22%7C%22mental+disorder*%22+%22young+adult*%22%7Cyouth%7C%22college+student*%22%7C%22university+student*%22%7Cadolescent*&hl=en&as_sdt=2007"
602,"T Dienlin, N Johannes","The impact of digital technology use on adolescent well-being",2020,"Dialogues in clinical neuroscience","Taylor &Francis","https://www.tandfonline.com/doi/abs/10.31887/DCNS.2020.22.2/tdienlin","https://scholar.google.com/scholar?cites=8131274813832550924&as_sdt=2005&sciodt=2007&hl=en",13,"2026-04-01 00:54:51","","10.31887/DCNS.2020.22.2","",,,,,,602,100.33,301,2,6,"… Citation66 Another study that combined objective measures of social smartphone applications with experience sampling in young adults found a weak negative relation between …","https://www.tandfonline.com/doi/pdf/10.31887/DCNS.2020.22.2/tdienlin","https://scholar.google.com/scholar?q=related:DNqRoVwX2HAJ:scholar.google.com/&scioq=%22digital+device*%22%7Csmartphone*%7C%22mobile+phone*%22%7C%22screen+time%22%7C%22social+media%22%7C%22internet+use%22%7C%22digital+technolog*%22%7C%22online+activity%22+%22mental+health%22%7Cwellbeing%7C%22well+being%22%7Cdepression%7Canxiety%7Cstress%7C%22psychological+distress%22%7C%22mental+disorder*%22+%22young+adult*%22%7Cyouth%7C%22college+student*%22%7C%22university+student*%22%7Cadolescent*&hl=en&as_sdt=2007"
42,"S Kosola, S Mörö, E Holopainen","Smartphone use and well-being of adolescent girls: a population-based study",2024,"Archives of disease in childhood","adc.bmj.com","https://adc.bmj.com/content/109/7/576?gsid=1d73fd5d-191d-4e49-9980-41366be19b37","https://scholar.google.com/scholar?cites=4799800457095396687&as_sdt=2005&sciodt=2007&hl=en",14,"2026-04-01 00:54:51","HTML","","",,,,,,42,21.00,14,3,2,"… an increasing incidence of anxiety among adolescent girls, … smartphone and social media use objectively and to evaluate its associations with measures of mental health and well-being…","https://adc.bmj.com/content/109/7/576?gsid=1d73fd5d-191d-4e49-9980-41366be19b37","https://scholar.google.com/scholar?q=related:T73t1RVRnEIJ:scholar.google.com/&scioq=%22digital+device*%22%7Csmartphone*%7C%22mobile+phone*%22%7C%22screen+time%22%7C%22social+media%22%7C%22internet+use%22%7C%22digital+technolog*%22%7C%22online+activity%22+%22mental+health%22%7Cwellbeing%7C%22well+being%22%7Cdepression%7Canxiety%7Cstress%7C%22psychological+distress%22%7C%22mental+disorder*%22+%22young+adult*%22%7Cyouth%7C%22college+student*%22%7C%22university+student*%22%7Cadolescent*&hl=en&as_sdt=2007"
6,"B Kadirvelu, T Bellido Bel, A Freccero…","… Phenotyping for Adolescent Mental Health: Feasibility Study Using Machine Learning to Predict Mental Health Risk From Active and Passive Smartphone …",2026,"Journal of Medical …","jmir.org","https://www.jmir.org/2026/1/e72501/","https://scholar.google.com/scholar?cites=624833411710653398&as_sdt=2005&sciodt=2007&hl=en",15,"2026-04-01 00:54:51","HTML","","",,,,,,6,6.00,2,4,1,"… of using a smartphone app to predict mental health risks in … for binary classification of 4 mental health outcomes, namely, … key digital features and mental health outcomes. Performance …","https://www.jmir.org/2026/1/e72501/","https://scholar.google.com/scholar?q=related:1hPPbK3aqwgJ:scholar.google.com/&scioq=%22digital+device*%22%7Csmartphone*%7C%22mobile+phone*%22%7C%22screen+time%22%7C%22social+media%22%7C%22internet+use%22%7C%22digital+technolog*%22%7C%22online+activity%22+%22mental+health%22%7Cwellbeing%7C%22well+being%22%7Cdepression%7Canxiety%7Cstress%7C%22psychological+distress%22%7C%22mental+disorder*%22+%22young+adult*%22%7Cyouth%7C%22college+student*%22%7C%22university+student*%22%7Cadolescent*&hl=en&as_sdt=2007"
1519,"CL Odgers, MR Jensen","Annual research review: Adolescent mental health in the digital age: Facts, fears, and future directions",2020,"Journal of Child Psychology and …","Wiley Online Library","https://acamh.onlinelibrary.wiley.com/doi/abs/10.1111/jcpp.13190","https://scholar.google.com/scholar?cites=13276616346765348450&as_sdt=2005&sciodt=2007&hl=en",16,"2026-04-01 00:54:51","","10.1111/jcpp.13190","",,,,,,1519,253.17,760,2,6,"… usage and adolescent mental health, with a specific focus on depression and anxiety. The review … of daily digital technology usage and adolescents’ well‐being that do not offer a way of …","https://pmc.ncbi.nlm.nih.gov/articles/PMC8221420/pdf/nihms-1705633.pdf","https://scholar.google.com/scholar?q=related:Ys4XkDkEQLgJ:scholar.google.com/&scioq=%22digital+device*%22%7Csmartphone*%7C%22mobile+phone*%22%7C%22screen+time%22%7C%22social+media%22%7C%22internet+use%22%7C%22digital+technolog*%22%7C%22online+activity%22+%22mental+health%22%7Cwellbeing%7C%22well+being%22%7Cdepression%7Canxiety%7Cstress%7C%22psychological+distress%22%7C%22mental+disorder*%22+%22young+adult*%22%7Cyouth%7C%22college+student*%22%7C%22university+student*%22%7Cadolescent*&hl=en&as_sdt=2007"
133,"P Wang, L Lei, X Wang, J Nie, X Chu, S Jin","The exacerbating role of perceived social support and the “buffering” role of depression in the relation between sensation seeking and adolescent smartphone …",2018,"Personality and Individual …","Elsevier","https://www.sciencedirect.com/science/article/pii/S0191886918301995","https://scholar.google.com/scholar?cites=15700064464501122089&as_sdt=2005&sciodt=2007&hl=en",17,"2026-04-01 00:54:51","","","",,,,,,133,16.63,22,6,8,"… sensation seeking, smartphone addiction, perceived social support, and depression. The … was positively significant associated with adolescent smartphone addiction. Contrary to the …","","https://scholar.google.com/scholar?q=related:KaRSrXLV4dkJ:scholar.google.com/&scioq=%22digital+device*%22%7Csmartphone*%7C%22mobile+phone*%22%7C%22screen+time%22%7C%22social+media%22%7C%22internet+use%22%7C%22digital+technolog*%22%7C%22online+activity%22+%22mental+health%22%7Cwellbeing%7C%22well+being%22%7Cdepression%7Canxiety%7Cstress%7C%22psychological+distress%22%7C%22mental+disorder*%22+%22young+adult*%22%7Cyouth%7C%22college+student*%22%7C%22university+student*%22%7Cadolescent*&hl=en&as_sdt=2007"
196,"M Anshari, Y Alas, E Sulaiman","Smartphone addictions and nomophobia among youth",2019,"Vulnerable Children and Youth …","Taylor &Francis","https://www.tandfonline.com/doi/abs/10.1080/17450128.2019.1614709","https://scholar.google.com/scholar?cites=359559502916127378&as_sdt=2005&sciodt=2007&hl=en",18,"2026-04-01 00:54:51","","10.1080/17450128.2019.1614709","",,,,,,196,28.00,65,3,7,"… smartphone referring to the anxiety caused by disconnected from the mobile network or inability to have access to a smartphone. … smartphone. The study examines nomophobia among …","https://www.academia.edu/download/118816465/17450128.2019.161470920241011-1-aju3z5.pdf","https://scholar.google.com/scholar?q=related:korufnZp_QQJ:scholar.google.com/&scioq=%22digital+device*%22%7Csmartphone*%7C%22mobile+phone*%22%7C%22screen+time%22%7C%22social+media%22%7C%22internet+use%22%7C%22digital+technolog*%22%7C%22online+activity%22+%22mental+health%22%7Cwellbeing%7C%22well+being%22%7Cdepression%7Canxiety%7Cstress%7C%22psychological+distress%22%7C%22mental+disorder*%22+%22young+adult*%22%7Cyouth%7C%22college+student*%22%7C%22university+student*%22%7Cadolescent*&hl=en&as_sdt=2007"
81,"PP Gonsalves, ES Hodgson, A Kumar…","Design and Development of the “POD Adventures” Smartphone Game: A Blended Problem-Solving Intervention for Adolescent Mental Health in India",2019,"Frontiers in public …","frontiersin.org","https://www.frontiersin.org/journals/public-health/articles/10.3389/fpubh.2019.00238/full","https://scholar.google.com/scholar?cites=1965234667304232068&as_sdt=2005&sciodt=2007&hl=en",19,"2026-04-01 00:54:51","HTML","10.3389/fpubh.2019.00238","",,,,,,81,11.57,20,4,7,"… reviews of mental health apps for adolescent populations highlight … adolescent mental health (15, 17, 18). A recent review of digital technology for treating and preventing mental health …","https://www.frontiersin.org/journals/public-health/articles/10.3389/fpubh.2019.00238/full","https://scholar.google.com/scholar?q=related:hKTzhITqRRsJ:scholar.google.com/&scioq=%22digital+device*%22%7Csmartphone*%7C%22mobile+phone*%22%7C%22screen+time%22%7C%22social+media%22%7C%22internet+use%22%7C%22digital+technolog*%22%7C%22online+activity%22+%22mental+health%22%7Cwellbeing%7C%22well+being%22%7Cdepression%7Canxiety%7Cstress%7C%22psychological+distress%22%7C%22mental+disorder*%22+%22young+adult*%22%7Cyouth%7C%22college+student*%22%7C%22university+student*%22%7Cadolescent*&hl=en&as_sdt=2007"
21,"Y Lee, J Blebea, F Janssen…","The Impact of Smartphone and Social Media Use on Adolescent Sleep Quality and Mental Health during the COVID‐19 Pandemic",2023,"Human Behavior and …","Wiley Online Library","https://onlinelibrary.wiley.com/doi/abs/10.1155/2023/3277040","https://scholar.google.com/scholar?cites=6713420284564812598&as_sdt=2005&sciodt=2007&hl=en",20,"2026-04-01 00:54:51","","10.1155/2023/3277040","",,,,,,21,7.00,5,4,3,"… This study is aimed at examining the relationship between adolescent SM and smartphone use and sleep quality, depression, and anxiety early during the COVID-19 pandemic. We …","https://onlinelibrary.wiley.com/doi/pdf/10.1155/2023/3277040","https://scholar.google.com/scholar?q=related:NjNj-S3cKl0J:scholar.google.com/&scioq=%22digital+device*%22%7Csmartphone*%7C%22mobile+phone*%22%7C%22screen+time%22%7C%22social+media%22%7C%22internet+use%22%7C%22digital+technolog*%22%7C%22online+activity%22+%22mental+health%22%7Cwellbeing%7C%22well+being%22%7Cdepression%7Canxiety%7Cstress%7C%22psychological+distress%22%7C%22mental+disorder*%22+%22young+adult*%22%7Cyouth%7C%22college+student*%22%7C%22university+student*%22%7Cadolescent*&hl=en&as_sdt=2007"
63,"R Grist, B Cliffe, M Denne, A Croker, P Stallard","An online survey of young adolescent girls' use of the internet and smartphone apps for mental health support",2018,"BJPsych open","cambridge.org","https://www.cambridge.org/core/journals/bjpsych-open/article/an-online-survey-of-young-adolescent-girls-use-of-the-internet-and-smartphone-apps-for-mental-health-support/BD4A6107B5753C7233BFF06BE68269D1","https://scholar.google.com/scholar?cites=13448792298170679739&as_sdt=2005&sciodt=2007&hl=en",21,"2026-04-01 00:54:51","","","",,,,,,63,7.88,13,5,8,"… that young adolescent girls are more likely to engage with mental health apps than in previous years. If the internet and apps are to be widely used to deliver or support mental health …","https://www.cambridge.org/core/services/aop-cambridge-core/content/view/BD4A6107B5753C7233BFF06BE68269D1/S2056472418000431a.pdf/div-class-title-an-online-survey-of-young-adolescent-girls-use-of-the-internet-and-smartphone-apps-for-mental-health-support-div.pdf","https://scholar.google.com/scholar?q=related:uwF5Jle1o7oJ:scholar.google.com/&scioq=%22digital+device*%22%7Csmartphone*%7C%22mobile+phone*%22%7C%22screen+time%22%7C%22social+media%22%7C%22internet+use%22%7C%22digital+technolog*%22%7C%22online+activity%22+%22mental+health%22%7Cwellbeing%7C%22well+being%22%7Cdepression%7Canxiety%7Cstress%7C%22psychological+distress%22%7C%22mental+disorder*%22+%22young+adult*%22%7Cyouth%7C%22college+student*%22%7C%22university+student*%22%7Cadolescent*&hl=en&as_sdt=2007"
20,"Y Tang, J Xu, Y Zhao, T Davis…","Parental phubbing and adolescent smartphone addiction: depression and perceived school climate matter",2024,"… , Behavior, and Social …","journals.sagepub.com","https://journals.sagepub.com/doi/abs/10.1089/cyber.2023.0300","https://scholar.google.com/scholar?cites=15565985042200453531&as_sdt=2005&sciodt=2007&hl=en",22,"2026-04-01 00:54:51","","10.1089/cyber.2023.0300","",,,,,,20,10.00,4,5,2,"… in higher levels of smartphone addiction. Empirical studies … smartphone use. Thus, we hypothesized that parental phubbing would be positively associated with adolescent smartphone …","","https://scholar.google.com/scholar?q=related:m-Fme-x8BdgJ:scholar.google.com/&scioq=%22digital+device*%22%7Csmartphone*%7C%22mobile+phone*%22%7C%22screen+time%22%7C%22social+media%22%7C%22internet+use%22%7C%22digital+technolog*%22%7C%22online+activity%22+%22mental+health%22%7Cwellbeing%7C%22well+being%22%7Cdepression%7Canxiety%7Cstress%7C%22psychological+distress%22%7C%22mental+disorder*%22+%22young+adult*%22%7Cyouth%7C%22college+student*%22%7C%22university+student*%22%7Cadolescent*&hl=en&as_sdt=2007"
19,"H Yang, Z Wang, JD Elhai","The relationship between adolescent stress and problematic smartphone use: The serial mediating effects of anxiety and frequency of smartphone use",2023,"Current Psychology","Springer","https://link.springer.com/article/10.1007/s12144-022-03197-6","https://scholar.google.com/scholar?cites=3046977525488990354&as_sdt=2005&sciodt=2007&hl=en",23,"2026-04-01 00:54:51","","10.1007/s12144-022-03197-6","",,,,,,19,6.33,6,3,3,"… effect of anxiety and smartphone use frequency between stress and adolescent PSU. This result provides a way of thinking for the prevention and intervention of adolescent PSU. First of …","https://www.researchgate.net/profile/Zihao-Wang-104/publication/361015210_The_relationship_between_adolescent_stress_and_problematic_smartphone_use_The_serial_mediating_effects_of_anxiety_and_frequency_of_smartphone_use/links/638189287b0e356feb84e35c/The-relationship-between-adolescent-stress-and-problematic-smartphone-use-The-serial-mediating-effects-of-anxiety-and-frequency-of-smartphone-use.pdf","https://scholar.google.com/scholar?q=related:krhedeoJSSoJ:scholar.google.com/&scioq=%22digital+device*%22%7Csmartphone*%7C%22mobile+phone*%22%7C%22screen+time%22%7C%22social+media%22%7C%22internet+use%22%7C%22digital+technolog*%22%7C%22online+activity%22+%22mental+health%22%7Cwellbeing%7C%22well+being%22%7Cdepression%7Canxiety%7Cstress%7C%22psychological+distress%22%7C%22mental+disorder*%22+%22young+adult*%22%7Cyouth%7C%22college+student*%22%7C%22university+student*%22%7Cadolescent*&hl=en&as_sdt=2007"
49,"IB Mun, S Lee","How does parental smartphone addiction affect adolescent smartphone addiction?: Testing the mediating roles of parental rejection and adolescent depression",2021,"Cyberpsychology, Behavior, and Social …","journals.sagepub.com","https://journals.sagepub.com/doi/abs/10.1089/cyber.2020.0096","https://scholar.google.com/scholar?cites=340153796004382518&as_sdt=2005&sciodt=2007&hl=en",24,"2026-04-01 00:54:51","","10.1089/cyber.2020.0096","",,,,,,49,9.80,25,2,5,"… mental health and smartphone addiction. Therefore, this study aims to bridge this knowledge gap through examining the role of parental smartphone … ) and adolescent depression (ADP) …","","https://scholar.google.com/scholar?q=related:NofXQxN4uAQJ:scholar.google.com/&scioq=%22digital+device*%22%7Csmartphone*%7C%22mobile+phone*%22%7C%22screen+time%22%7C%22social+media%22%7C%22internet+use%22%7C%22digital+technolog*%22%7C%22online+activity%22+%22mental+health%22%7Cwellbeing%7C%22well+being%22%7Cdepression%7Canxiety%7Cstress%7C%22psychological+distress%22%7C%22mental+disorder*%22+%22young+adult*%22%7Cyouth%7C%22college+student*%22%7C%22university+student*%22%7Cadolescent*&hl=en&as_sdt=2007"
1,"S Marin-Dragu, M Orr, P Corkum…","A mediation analysis of the influence of sleep on the relationship between smartphone screen time and youth mental health",2025,"Cyberpsychology …","cyberpsychology.eu","https://cyberpsychology.eu/article/view/37105","https://scholar.google.com/scholar?cites=11674445986751107760&as_sdt=2005&sciodt=2007&hl=en",25,"2026-04-01 00:54:51","HTML","","",,,,,,1,1.00,0,4,1,"… to mental health problems. Considering that previous studies primarily relied on subjective reports of screen-time and its effects on youth mental health, the … (eg, anxiety, depression) and …","https://cyberpsychology.eu/article/view/37105","https://scholar.google.com/scholar?q=related:sNLIZcX2A6IJ:scholar.google.com/&scioq=%22digital+device*%22%7Csmartphone*%7C%22mobile+phone*%22%7C%22screen+time%22%7C%22social+media%22%7C%22internet+use%22%7C%22digital+technolog*%22%7C%22online+activity%22+%22mental+health%22%7Cwellbeing%7C%22well+being%22%7Cdepression%7Canxiety%7Cstress%7C%22psychological+distress%22%7C%22mental+disorder*%22+%22young+adult*%22%7Cyouth%7C%22college+student*%22%7C%22university+student*%22%7Cadolescent*&hl=en&as_sdt=2007"
5,"T Zhang, A Camargo, L Schmaal…","Nomophobia, psychopathology, and smartphone-inferred behaviors in youth With depression: Longitudinal study",2025,"JMIR Formative …","formative.jmir.org","https://formative.jmir.org/2025/1/e57512","https://scholar.google.com/scholar?cites=2675268027861747054&as_sdt=2005&sciodt=2007&hl=en",26,"2026-04-01 00:54:51","HTML","","",,,,,,5,5.00,1,4,1,"… , smartphone sensor data, several mental health measures, … based on the collection of passive smartphone sensing data, … follow-up of a mental health digital phenotyping study of 41 …","https://formative.jmir.org/2025/1/e57512","https://scholar.google.com/scholar?q=related:bsWo3xh2ICUJ:scholar.google.com/&scioq=%22digital+device*%22%7Csmartphone*%7C%22mobile+phone*%22%7C%22screen+time%22%7C%22social+media%22%7C%22internet+use%22%7C%22digital+technolog*%22%7C%22online+activity%22+%22mental+health%22%7Cwellbeing%7C%22well+being%22%7Cdepression%7Canxiety%7Cstress%7C%22psychological+distress%22%7C%22mental+disorder*%22+%22young+adult*%22%7Cyouth%7C%22college+student*%22%7C%22university+student*%22%7Cadolescent*&hl=en&as_sdt=2007"
130,"L Fu, P Wang, M Zhao, X Xie, Y Chen, J Nie…","Can emotion regulation difficulty lead to adolescent problematic smartphone use? A moderated mediation model of depression and perceived social support",2020,"Children and Youth …","Elsevier","https://www.sciencedirect.com/science/article/pii/S0190740919308898","https://scholar.google.com/scholar?cites=8478257065370626005&as_sdt=2005&sciodt=2007&hl=en",27,"2026-04-01 00:54:51","","","",,,,,,130,21.67,19,7,6,"… be related to adolescent problematic smartphone use, whether depression would mediate the relationship between emotion regulation difficulty and problematic smartphone use, and …","","https://scholar.google.com/scholar?q=related:1afcl-HRqHUJ:scholar.google.com/&scioq=%22digital+device*%22%7Csmartphone*%7C%22mobile+phone*%22%7C%22screen+time%22%7C%22social+media%22%7C%22internet+use%22%7C%22digital+technolog*%22%7C%22online+activity%22+%22mental+health%22%7Cwellbeing%7C%22well+being%22%7Cdepression%7Canxiety%7Cstress%7C%22psychological+distress%22%7C%22mental+disorder*%22+%22young+adult*%22%7Cyouth%7C%22college+student*%22%7C%22university+student*%22%7Cadolescent*&hl=en&as_sdt=2007"
14,"W Yao, H Hou, P Yang, S Ni","The co-occurrence of adolescent smartphone addiction and academic burnout: The role of smartphone stress and digital flourishing",2025,"Education and Information Technologies","Springer","https://link.springer.com/article/10.1007/s10639-024-13017-y","https://scholar.google.com/scholar?cites=7918522081916022339&as_sdt=2005&sciodt=2007&hl=en",28,"2026-04-01 00:54:51","","10.1007/s10639-024-13017-y","",,,,,,14,14.00,4,4,1,"… of smartphone addiction and academic burnout and the role of both the negative and positive aspects of smartphone use, namely smartphone stress … Smartphone stress was positively …","","https://scholar.google.com/scholar?q=related:Q-6wHuE95G0J:scholar.google.com/&scioq=%22digital+device*%22%7Csmartphone*%7C%22mobile+phone*%22%7C%22screen+time%22%7C%22social+media%22%7C%22internet+use%22%7C%22digital+technolog*%22%7C%22online+activity%22+%22mental+health%22%7Cwellbeing%7C%22well+being%22%7Cdepression%7Canxiety%7Cstress%7C%22psychological+distress%22%7C%22mental+disorder*%22+%22young+adult*%22%7Cyouth%7C%22college+student*%22%7C%22university+student*%22%7Cadolescent*&hl=en&as_sdt=2007"
17,"V Capraro, L Globig, Z Rausch, S Rathje, A Wormley…","A consensus statement on potential negative impacts of smartphone and social media use on adolescent mental health",2025,"","ideas.repec.org","https://ideas.repec.org/p/ebg/heccah/1567.html","https://scholar.google.com/scholar?cites=2933108081404687386&as_sdt=2005&sciodt=2007&hl=en",29,"2026-04-01 00:54:51","","","",,,,,,17,17.00,3,6,1,"… international trends in adolescent mental health, causal links to … , adolescent mental health has declined in several Western countries over the past 20 years. Second, heavy smartphone …","","https://scholar.google.com/scholar?q=related:GjT0f0J-tCgJ:scholar.google.com/&scioq=%22digital+device*%22%7Csmartphone*%7C%22mobile+phone*%22%7C%22screen+time%22%7C%22social+media%22%7C%22internet+use%22%7C%22digital+technolog*%22%7C%22online+activity%22+%22mental+health%22%7Cwellbeing%7C%22well+being%22%7Cdepression%7Canxiety%7Cstress%7C%22psychological+distress%22%7C%22mental+disorder*%22+%22young+adult*%22%7Cyouth%7C%22college+student*%22%7C%22university+student*%22%7Cadolescent*&hl=en&as_sdt=2007"
1114,"JM Twenge, GN Martin, WK Campbell","Decreases in psychological well-being among American adolescents after 2012 and links to screen time during the rise of smartphone technology.",2018,"Emotion","psycnet.apa.org","https://psycnet.apa.org/fulltext/2018-02758-001.html","https://scholar.google.com/scholar?cites=9843295782019491291&as_sdt=2005&sciodt=2007&hl=en",30,"2026-04-01 00:54:51","","","",,,,,,1114,139.25,371,3,8,"… well-being by year with average time spent on screen and nonscreen activities and with broader cultural indicators such as smartphone … focusing on increasing adolescent well-being. …","https://moglen.law.columbia.edu/CPC/AdolescentHappinessSmartphones-Emotion-2018.pdf","https://scholar.google.com/scholar?q=related:22VfmlxpmogJ:scholar.google.com/&scioq=%22digital+device*%22%7Csmartphone*%7C%22mobile+phone*%22%7C%22screen+time%22%7C%22social+media%22%7C%22internet+use%22%7C%22digital+technolog*%22%7C%22online+activity%22+%22mental+health%22%7Cwellbeing%7C%22well+being%22%7Cdepression%7Canxiety%7Cstress%7C%22psychological+distress%22%7C%22mental+disorder*%22+%22young+adult*%22%7Cyouth%7C%22college+student*%22%7C%22university+student*%22%7Cadolescent*&hl=en&as_sdt=2007"
1095,"E Abi-Jaoude, KT Naylor, A Pignatiello","Smartphones, social media use and youth mental health",2020,"Cmaj","cmaj.ca","https://www.cmaj.ca/content/192/6/E136.short","https://scholar.google.com/scholar?cites=10685629148113083078&as_sdt=2005&sciodt=2007&hl=en",31,"2026-04-01 00:54:51","HTML","","",,,,,,1095,182.50,365,3,6,"… use may be contributing to the rising burden of mental distress among youth… youth and families to mitigate potential negative effects of social media and smartphone use on mental health…","https://www.cmaj.ca/content/192/6/E136.short","https://scholar.google.com/scholar?q=related:xhrXZhj7SpQJ:scholar.google.com/&scioq=%22digital+device*%22%7Csmartphone*%7C%22mobile+phone*%22%7C%22screen+time%22%7C%22social+media%22%7C%22internet+use%22%7C%22digital+technolog*%22%7C%22online+activity%22+%22mental+health%22%7Cwellbeing%7C%22well+being%22%7Cdepression%7Canxiety%7Cstress%7C%22psychological+distress%22%7C%22mental+disorder*%22+%22young+adult*%22%7Cyouth%7C%22college+student*%22%7C%22university+student*%22%7Cadolescent*&hl=en&as_sdt=2007"
179,"BM Girela-Serrano, ADV Spiers, L Ruotong…","Impact of mobile phones and wireless devices use on children and adolescents' mental health: a systematic review",2024,"… child &adolescent …","Springer","https://link.springer.com/article/10.1007/s00787-022-02012-8","https://scholar.google.com/scholar?cites=17370721457873817779&as_sdt=2005&sciodt=2007&hl=en",32,"2026-04-01 00:54:51","HTML","10.1007/s00787-022-02012-8","",,,,,,179,89.50,45,4,2,"… smartphone-related behaviour, termed as ‘problematic smartphone use’ may be responsible for poor mental health … outline examples of exposures and mental health outcomes in detail)…","https://link.springer.com/article/10.1007/s00787-022-02012-8","https://scholar.google.com/scholar?q=related:sxDTxCEzEfEJ:scholar.google.com/&scioq=%22digital+device*%22%7Csmartphone*%7C%22mobile+phone*%22%7C%22screen+time%22%7C%22social+media%22%7C%22internet+use%22%7C%22digital+technolog*%22%7C%22online+activity%22+%22mental+health%22%7Cwellbeing%7C%22well+being%22%7Cdepression%7Canxiety%7Cstress%7C%22psychological+distress%22%7C%22mental+disorder*%22+%22young+adult*%22%7Cyouth%7C%22college+student*%22%7C%22university+student*%22%7Cadolescent*&hl=en&as_sdt=2007"
85,"CJR Sewall, TR Goldstein…","Does objectively measured social-media or smartphone use predict depression, anxiety, or social isolation among young adults?",2022,"Clinical …","journals.sagepub.com","https://journals.sagepub.com/doi/abs/10.1177/21677026221078309","https://scholar.google.com/scholar?cites=4881040192970763647&as_sdt=2005&sciodt=2007&hl=en",33,"2026-04-01 00:54:51","","10.1177/21677026221078309","",,,,,,85,21.25,28,3,4,"… of smartphone use, duration of social-media use) and three aspects of psychological distress (depression, anxiety, … digital-technology use and psychological distress were statistically …","https://pmc.ncbi.nlm.nih.gov/articles/PMC9671480/pdf/nihms-1773195.pdf","https://scholar.google.com/scholar?q=related:fy1t1DHwvEMJ:scholar.google.com/&scioq=%22digital+device*%22%7Csmartphone*%7C%22mobile+phone*%22%7C%22screen+time%22%7C%22social+media%22%7C%22internet+use%22%7C%22digital+technolog*%22%7C%22online+activity%22+%22mental+health%22%7Cwellbeing%7C%22well+being%22%7Cdepression%7Canxiety%7Cstress%7C%22psychological+distress%22%7C%22mental+disorder*%22+%22young+adult*%22%7Cyouth%7C%22college+student*%22%7C%22university+student*%22%7Cadolescent*&hl=en&as_sdt=2007"
19,"S Elavsky, J Blahošová, M Lebedíková…","… smartphone behavior and adolescent well-being with the FUTURE-WP4 (modeling the future: understanding the impact of technology on adolescent's well …",2022,"JMIR Research …","researchprotocols.org","https://www.researchprotocols.org/2022/3/e35984","https://scholar.google.com/scholar?cites=10183068351146165944&as_sdt=2005&sciodt=2007&hl=en",34,"2026-04-01 00:54:51","HTML","","",,,,,,19,4.75,5,4,4,"… -term and long-term impacts of smartphone use on well-being using innovative data collection … Specifically, we planned to conduct a 12-month study of adolescent smartphone behavior …","https://www.researchprotocols.org/2022/3/e35984","https://scholar.google.com/scholar?q=related:uAaXkbaGUY0J:scholar.google.com/&scioq=%22digital+device*%22%7Csmartphone*%7C%22mobile+phone*%22%7C%22screen+time%22%7C%22social+media%22%7C%22internet+use%22%7C%22digital+technolog*%22%7C%22online+activity%22+%22mental+health%22%7Cwellbeing%7C%22well+being%22%7Cdepression%7Canxiety%7Cstress%7C%22psychological+distress%22%7C%22mental+disorder*%22+%22young+adult*%22%7Cyouth%7C%22college+student*%22%7C%22university+student*%22%7Cadolescent*&hl=en&as_sdt=2007"
709,"SI Chiu","The relationship between life stress and smartphone addiction on Taiwanese university student: A mediation model of learning self-efficacy and social self-efficacy",2014,"Computers in human behavior","Elsevier","https://www.sciencedirect.com/science/article/pii/S0747563214000296","https://scholar.google.com/scholar?cites=10275660850748201532&as_sdt=2005&sciodt=2007&hl=en",35,"2026-04-01 00:54:51","","","",,,,,,709,59.08,709,1,12,"… stresses that influenced university students’ smartphone addiction. In addition, social … stress and smartphone addiction and between interpersonal relationship stress and smartphone …","https://www.academia.edu/download/73688020/j.chb.2014.01.02420211026-18706-1us59su.pdf","https://scholar.google.com/scholar?q=related:PBo82Rl7mo4J:scholar.google.com/&scioq=%22digital+device*%22%7Csmartphone*%7C%22mobile+phone*%22%7C%22screen+time%22%7C%22social+media%22%7C%22internet+use%22%7C%22digital+technolog*%22%7C%22online+activity%22+%22mental+health%22%7Cwellbeing%7C%22well+being%22%7Cdepression%7Canxiety%7Cstress%7C%22psychological+distress%22%7C%22mental+disorder*%22+%22young+adult*%22%7Cyouth%7C%22college+student*%22%7C%22university+student*%22%7Cadolescent*&hl=en&as_sdt=2007"
6,"O Luque-Reca, C Marchena-Giráldez…","Social aspects of problematic smartphone use: development and validation of the PSSNUS and mental health implications for Spanish youth",2024,"Psychology Research …","Taylor &Francis","https://www.tandfonline.com/doi/abs/10.2147/PRBM.S466070","https://scholar.google.com/scholar?cites=11192361150642766436&as_sdt=2005&sciodt=2007&hl=en",36,"2026-04-01 00:54:51","","10.2147/PRBM.S466070","",,,,,,6,3.00,2,3,2,"… Addressing the complex pattern of digital behaviors and interactions among youth, this research introduces a novel comprehensive scale, the Problematic Smartphone and Social …","https://www.tandfonline.com/doi/pdf/10.2147/prbm.s466070","https://scholar.google.com/scholar?q=related:ZMLxtSpBU5sJ:scholar.google.com/&scioq=%22digital+device*%22%7Csmartphone*%7C%22mobile+phone*%22%7C%22screen+time%22%7C%22social+media%22%7C%22internet+use%22%7C%22digital+technolog*%22%7C%22online+activity%22+%22mental+health%22%7Cwellbeing%7C%22well+being%22%7Cdepression%7Canxiety%7Cstress%7C%22psychological+distress%22%7C%22mental+disorder*%22+%22young+adult*%22%7Cyouth%7C%22college+student*%22%7C%22university+student*%22%7Cadolescent*&hl=en&as_sdt=2007"
35,"C Forchuk, J Reiss, J Eichstedt, D Singh…","The youth-mental health engagement network: An exploratory pilot study of a smartphone and computer-based personal health record for youth experiencing …",2016,"… of Mental Health","Taylor &Francis","https://www.tandfonline.com/doi/abs/10.1080/00207411.2016.1204823","https://scholar.google.com/scholar?cites=4155921981098320263&as_sdt=2005&sciodt=2007&hl=en",37,"2026-04-01 00:54:51","","10.1080/00207411.2016.1204823","",,,,,,35,3.50,7,5,10,"… to support youth in managing their mental health. The … prompts, alerts, and mental health assessments). The purpose of … an ePHR in providing mental health care to youth with mental …","","https://scholar.google.com/scholar?q=related:h2Ga1QXNrDkJ:scholar.google.com/&scioq=%22digital+device*%22%7Csmartphone*%7C%22mobile+phone*%22%7C%22screen+time%22%7C%22social+media%22%7C%22internet+use%22%7C%22digital+technolog*%22%7C%22online+activity%22+%22mental+health%22%7Cwellbeing%7C%22well+being%22%7Cdepression%7Canxiety%7Cstress%7C%22psychological+distress%22%7C%22mental+disorder*%22+%22young+adult*%22%7Cyouth%7C%22college+student*%22%7C%22university+student*%22%7Cadolescent*&hl=en&as_sdt=2007"
8,"IB Mun","Longitudinal relationship between parental and adolescent smartphone addiction: serial mediating effects of adolescent self-esteem and depression",2024,"Internet Research","emerald.com","https://www.emerald.com/intr/article/34/6/2031/1218699","https://scholar.google.com/scholar?cites=2197049466234706619&as_sdt=2005&sciodt=2007&hl=en",38,"2026-04-01 00:54:51","HTML","","",,,,,,8,4.00,8,1,2,"… between parental and adolescent smartphone addiction and examines … adolescent self-esteem and depression in this relationship. This study contributes to the literature on smartphone …","https://www.emerald.com/intr/article/34/6/2031/1218699","https://scholar.google.com/scholar?q=related:u5rhXNl8fR4J:scholar.google.com/&scioq=%22digital+device*%22%7Csmartphone*%7C%22mobile+phone*%22%7C%22screen+time%22%7C%22social+media%22%7C%22internet+use%22%7C%22digital+technolog*%22%7C%22online+activity%22+%22mental+health%22%7Cwellbeing%7C%22well+being%22%7Cdepression%7Canxiety%7Cstress%7C%22psychological+distress%22%7C%22mental+disorder*%22+%22young+adult*%22%7Cyouth%7C%22college+student*%22%7C%22university+student*%22%7Cadolescent*&hl=en&as_sdt=2007"
13,"JJ Prochaska, Y Wang, MA Bowdring…","Acceptability and utility of a smartphone app to support adolescent mental health (BeMe): program evaluation study",2023,"JMIR mHealth and …","mhealth.jmir.org","https://mhealth.jmir.org/2023/1/e47183","https://scholar.google.com/scholar?cites=5375889326936141984&as_sdt=2005&sciodt=2007&hl=en",39,"2026-04-01 00:54:51","HTML","","",,,,,,13,4.33,3,4,3,"… to support youth, including empowering youth and their families to … mental health care; and promoting equitable access to technology that supports the well-being of children and youth [5…","https://mhealth.jmir.org/2023/1/e47183","https://scholar.google.com/scholar?q=related:oLDXM9z-mkoJ:scholar.google.com/&scioq=%22digital+device*%22%7Csmartphone*%7C%22mobile+phone*%22%7C%22screen+time%22%7C%22social+media%22%7C%22internet+use%22%7C%22digital+technolog*%22%7C%22online+activity%22+%22mental+health%22%7Cwellbeing%7C%22well+being%22%7Cdepression%7Canxiety%7Cstress%7C%22psychological+distress%22%7C%22mental+disorder*%22+%22young+adult*%22%7Cyouth%7C%22college+student*%22%7C%22university+student*%22%7Cadolescent*&hl=en&as_sdt=2007"
22,"D Klinger, PL Plener, G Marboe, A Karwautz…","Exploring the relationship between media use and depressive symptoms among gender diverse youth: findings of the Mental Health Days Study",2024,"… and Mental Health","Springer","https://link.springer.com/article/10.1186/s13034-024-00797-x","https://scholar.google.com/scholar?cites=3131332109885756149&as_sdt=2005&sciodt=2007&hl=en",40,"2026-04-01 00:54:51","HTML","10.1186/s13034-024-00797-x","",,,,,,22,11.00,4,5,2,"… This includes a rise in smartphone usage throughout the 2010s, with smartphones becoming a central part of teenagers’ lives by the mid-2010s. Tablet usage also increased …","https://link.springer.com/article/10.1186/s13034-024-00797-x","https://scholar.google.com/scholar?q=related:9dKDo_a5dCsJ:scholar.google.com/&scioq=%22digital+device*%22%7Csmartphone*%7C%22mobile+phone*%22%7C%22screen+time%22%7C%22social+media%22%7C%22internet+use%22%7C%22digital+technolog*%22%7C%22online+activity%22+%22mental+health%22%7Cwellbeing%7C%22well+being%22%7Cdepression%7Canxiety%7Cstress%7C%22psychological+distress%22%7C%22mental+disorder*%22+%22young+adult*%22%7Cyouth%7C%22college+student*%22%7C%22university+student*%22%7Cadolescent*&hl=en&as_sdt=2007"
12,"Y Liu, Y Shi, L Zhang, L Hou","Rumination mediates the relationships between social anxiety and depression with problematic smartphone use in Chinese youth: A longitudinal approach",2025,"International Journal of Mental Health and …","Springer","https://link.springer.com/article/10.1007/s11469-024-01318-9","https://scholar.google.com/scholar?cites=9465835198203522152&as_sdt=2005&sciodt=2007&hl=en",41,"2026-04-01 00:54:51","","10.1007/s11469-024-01318-9","",,,,,,12,12.00,3,4,1,"… that social anxiety exhibited stronger associations with depression and smartphone use … rumination between social anxiety (or depression) and problematic smartphone use, which …","","https://scholar.google.com/scholar?q=related:aGxP6_VmXYMJ:scholar.google.com/&scioq=%22digital+device*%22%7Csmartphone*%7C%22mobile+phone*%22%7C%22screen+time%22%7C%22social+media%22%7C%22internet+use%22%7C%22digital+technolog*%22%7C%22online+activity%22+%22mental+health%22%7Cwellbeing%7C%22well+being%22%7Cdepression%7Canxiety%7Cstress%7C%22psychological+distress%22%7C%22mental+disorder*%22+%22young+adult*%22%7Cyouth%7C%22college+student*%22%7C%22university+student*%22%7Cadolescent*&hl=en&as_sdt=2007"
116,"N Zeeni, R Doumit, J Abi Kharma…","Media, technology use, and attitudes: Associations with physical and mental well‐being in youth with implications for evidence‐based practice",2018,"… on Evidence‐Based …","Wiley Online Library","https://sigmapubs.onlinelibrary.wiley.com/doi/abs/10.1111/wvn.12298","https://scholar.google.com/scholar?cites=12296239403258473417&as_sdt=2005&sciodt=2007&hl=en",42,"2026-04-01 00:54:51","","10.1111/wvn.12298","",,,,,,116,14.50,29,4,8,"… underlying factors of smartphone use are poor social skills, social anxiety, and loneliness, … as correlates of smartphone addiction (Enez Darcin et al., 2016). Well-being was also …","https://laur.lau.edu.lb:8443/xmlui/bitstream/handle/10725/9807/(Postprint)%20Media.pdf?sequence=3","https://scholar.google.com/scholar?q=related:yethyJYEpaoJ:scholar.google.com/&scioq=%22digital+device*%22%7Csmartphone*%7C%22mobile+phone*%22%7C%22screen+time%22%7C%22social+media%22%7C%22internet+use%22%7C%22digital+technolog*%22%7C%22online+activity%22+%22mental+health%22%7Cwellbeing%7C%22well+being%22%7Cdepression%7Canxiety%7Cstress%7C%22psychological+distress%22%7C%22mental+disorder*%22+%22young+adult*%22%7Cyouth%7C%22college+student*%22%7C%22university+student*%22%7Cadolescent*&hl=en&as_sdt=2007"
18,"LY Li, E Trivedi, F Helgren, GO Allison…","Capturing mood dynamics through adolescent smartphone social communication.",2023,"… and Clinical Science","psycnet.apa.org","https://psycnet.apa.org/fulltext/2023-92825-001.html","https://scholar.google.com/scholar?cites=10167641544849525221&as_sdt=2005&sciodt=2007&hl=en",43,"2026-04-01 00:54:51","","","",,,,,,18,6.00,4,5,3,"… ’s smartphone (eg, texting, social media) predicted day-to-day changes in mood among adolescents. Accordingly, screening and detecting adolescent depression through smartphone …","https://psycnet.apa.org/manuscript/2023-92825-001.pdf","https://scholar.google.com/scholar?q=related:5YlCVB24Go0J:scholar.google.com/&scioq=%22digital+device*%22%7Csmartphone*%7C%22mobile+phone*%22%7C%22screen+time%22%7C%22social+media%22%7C%22internet+use%22%7C%22digital+technolog*%22%7C%22online+activity%22+%22mental+health%22%7Cwellbeing%7C%22well+being%22%7Cdepression%7Canxiety%7Cstress%7C%22psychological+distress%22%7C%22mental+disorder*%22+%22young+adult*%22%7Cyouth%7C%22college+student*%22%7C%22university+student*%22%7Cadolescent*&hl=en&as_sdt=2007"
15,"Q Li, S Wei, Z Liu","… with adolescent mental health in economically disadvantaged areas? The serial mediating role of psychological reactance and problematic smartphone use",2024,"Frontiers in psychiatry","frontiersin.org","https://www.frontiersin.org/journals/psychiatry/articles/10.3389/fpsyt.2024.1458378/full","https://scholar.google.com/scholar?cites=6464893622855921643&as_sdt=2005&sciodt=2007&hl=en",44,"2026-04-01 00:54:51","HTML","10.3389/fpsyt.2024.1458378","",,,,,,15,7.50,5,3,2,"… and adolescent mental health, separately and serially. … parenting styles and adolescent mental health in economically … adolescent mental health in economically disadvantaged areas. …","https://www.frontiersin.org/journals/psychiatry/articles/10.3389/fpsyt.2024.1458378/full","https://scholar.google.com/scholar?q=related:6-8DXX_qt1kJ:scholar.google.com/&scioq=%22digital+device*%22%7Csmartphone*%7C%22mobile+phone*%22%7C%22screen+time%22%7C%22social+media%22%7C%22internet+use%22%7C%22digital+technolog*%22%7C%22online+activity%22+%22mental+health%22%7Cwellbeing%7C%22well+being%22%7Cdepression%7Canxiety%7Cstress%7C%22psychological+distress%22%7C%22mental+disorder*%22+%22young+adult*%22%7Cyouth%7C%22college+student*%22%7C%22university+student*%22%7Cadolescent*&hl=en&as_sdt=2007"
38,"A Buttazzoni, K Brar, L Minaker","Smartphone-based interventions and internalizing disorders in youth: systematic review and meta-analysis",2021,"Journal of Medical Internet Research","jmir.org","https://www.jmir.org/2021/1/e16490/","https://scholar.google.com/scholar?cites=8055208722106036068&as_sdt=2005&sciodt=2007&hl=en",45,"2026-04-01 00:54:51","HTML","","",,,,,,38,7.60,13,3,5,"… Background: Mental health disorders in youth are a global … In the context of public health initiatives, smartphone-based … the symptoms of mental health disorders in youth; however, …","https://www.jmir.org/2021/1/e16490/","https://scholar.google.com/scholar?q=related:ZC_CiKfZyW8J:scholar.google.com/&scioq=%22digital+device*%22%7Csmartphone*%7C%22mobile+phone*%22%7C%22screen+time%22%7C%22social+media%22%7C%22internet+use%22%7C%22digital+technolog*%22%7C%22online+activity%22+%22mental+health%22%7Cwellbeing%7C%22well+being%22%7Cdepression%7Canxiety%7Cstress%7C%22psychological+distress%22%7C%22mental+disorder*%22+%22young+adult*%22%7Cyouth%7C%22college+student*%22%7C%22university+student*%22%7Cadolescent*&hl=en&as_sdt=2007"
31,"D Li, Y Xu, S Cao","How does trait mindfulness weaken the effects of risk factors for adolescent smartphone addiction? A moderated mediation model",2023,"Behavioral Sciences","mdpi.com","https://www.mdpi.com/2076-328X/13/7/540","https://scholar.google.com/scholar?cites=1605832963761156149&as_sdt=2005&sciodt=2007&hl=en",46,"2026-04-01 00:54:51","HTML","","",,,,,,31,10.33,10,3,3,"… We analyzed 1570 adolescent subjects through a multistage … that social anxiety positively predicted smartphone addiction, … mitigated smartphone addiction by reducing social anxiety, …","https://www.mdpi.com/2076-328X/13/7/540","https://scholar.google.com/scholar?q=related:NbCYjZIQSRYJ:scholar.google.com/&scioq=%22digital+device*%22%7Csmartphone*%7C%22mobile+phone*%22%7C%22screen+time%22%7C%22social+media%22%7C%22internet+use%22%7C%22digital+technolog*%22%7C%22online+activity%22+%22mental+health%22%7Cwellbeing%7C%22well+being%22%7Cdepression%7Canxiety%7Cstress%7C%22psychological+distress%22%7C%22mental+disorder*%22+%22young+adult*%22%7Cyouth%7C%22college+student*%22%7C%22university+student*%22%7Cadolescent*&hl=en&as_sdt=2007"
261,"A Barthorpe, L Winstone, B Mars, P Moran","Is social media screen time really associated with poor adolescent mental health? A time use diary study",2020,"Journal of affective disorders","Elsevier","https://www.sciencedirect.com/science/article/pii/S0165032720306182","https://scholar.google.com/scholar?cites=13013942300292736153&as_sdt=2005&sciodt=2007&hl=en",47,"2026-04-01 00:54:51","","","",,,,,,261,43.50,65,4,6,"… association between social media use and adolescent well-being, although the effect size … mental health have largely focused on depression, anxiety and cognitive or affective wellbeing…","https://research-information.bris.ac.uk/ws/portalfiles/portal/241040642/SM_Time_Use_Diary_FOR_PURE.pdf","https://scholar.google.com/scholar?q=related:meRgQJLPmrQJ:scholar.google.com/&scioq=%22digital+device*%22%7Csmartphone*%7C%22mobile+phone*%22%7C%22screen+time%22%7C%22social+media%22%7C%22internet+use%22%7C%22digital+technolog*%22%7C%22online+activity%22+%22mental+health%22%7Cwellbeing%7C%22well+being%22%7Cdepression%7Canxiety%7Cstress%7C%22psychological+distress%22%7C%22mental+disorder*%22+%22young+adult*%22%7Cyouth%7C%22college+student*%22%7C%22university+student*%22%7Cadolescent*&hl=en&as_sdt=2007"
623,"D Kim, Y Lee, J Lee, JEK Nam, Y Chung","Development of Korean smartphone addiction proneness scale for youth",2014,"PloS one","journals.plos.org","https://journals.plos.org/plosone/article?id=10.1371/journal.pone.0097920","https://scholar.google.com/scholar?cites=1090779181482482067&as_sdt=2005&sciodt=2007&hl=en",48,"2026-04-01 00:54:51","HTML","","",,,,,,623,51.92,125,5,12,"… that assesses mental health problems related to smartphone addiction was … smartphone addiction include anxiety, depression, impulsiveness, and aggression [50]. Thus, NEO Youth …","https://journals.plos.org/plosone/article?id=10.1371/journal.pone.0097920","https://scholar.google.com/scholar?q=related:k5mn6OI5Iw8J:scholar.google.com/&scioq=%22digital+device*%22%7Csmartphone*%7C%22mobile+phone*%22%7C%22screen+time%22%7C%22social+media%22%7C%22internet+use%22%7C%22digital+technolog*%22%7C%22online+activity%22+%22mental+health%22%7Cwellbeing%7C%22well+being%22%7Cdepression%7Canxiety%7Cstress%7C%22psychological+distress%22%7C%22mental+disorder*%22+%22young+adult*%22%7Cyouth%7C%22college+student*%22%7C%22university+student*%22%7Cadolescent*&hl=en&as_sdt=2007"
31,"M Gui, T Gerosa","Smartphone pervasiveness in youth daily life as a new form of digital inequality",2021,"Handbook of digital inequality","elgaronline.com","https://www.elgaronline.com/edcollchap/edcoll/9781788116565/9781788116565.00016.xml","https://scholar.google.com/scholar?cites=2269078400839902390&as_sdt=2005&sciodt=2007&hl=en",49,"2026-04-01 00:54:51","","","",,,,,,31,6.20,16,2,5,"… ’s daily lives, linking smartphone use to increasing downturns in youth mental health indicators (Twenge, … Relationship of smartphone use severity with sleep quality, depression, and …","","https://scholar.google.com/scholar?q=related:tuSSkchifR8J:scholar.google.com/&scioq=%22digital+device*%22%7Csmartphone*%7C%22mobile+phone*%22%7C%22screen+time%22%7C%22social+media%22%7C%22internet+use%22%7C%22digital+technolog*%22%7C%22online+activity%22+%22mental+health%22%7Cwellbeing%7C%22well+being%22%7Cdepression%7Canxiety%7Cstress%7C%22psychological+distress%22%7C%22mental+disorder*%22+%22young+adult*%22%7Cyouth%7C%22college+student*%22%7C%22university+student*%22%7Cadolescent*&hl=en&as_sdt=2007"
11,"S Tao, F Reichert, NWY Law…","Digital technology use and adolescent mental health before and during the COVID-19 pandemic: the roles of internet addiction and digital competence",2023,"… , Behavior, and Social …","journals.sagepub.com","https://journals.sagepub.com/doi/abs/10.1089/cyber.2023.0048","https://scholar.google.com/scholar?cites=3981646631218752893&as_sdt=2005&sciodt=2007&hl=en",50,"2026-04-01 00:54:51","","10.1089/cyber.2023.0048","",,,,,,11,3.67,3,4,3,"… use and mental health, mediated by IA and DC. It used data from two adolescent student cohorts before and during the COVID-19 pandemic. Consistent with the digital well-being theory…","","https://scholar.google.com/scholar?q=related:fa3s8oOmQTcJ:scholar.google.com/&scioq=%22digital+device*%22%7Csmartphone*%7C%22mobile+phone*%22%7C%22screen+time%22%7C%22social+media%22%7C%22internet+use%22%7C%22digital+technolog*%22%7C%22online+activity%22+%22mental+health%22%7Cwellbeing%7C%22well+being%22%7Cdepression%7Canxiety%7Cstress%7C%22psychological+distress%22%7C%22mental+disorder*%22+%22young+adult*%22%7Cyouth%7C%22college+student*%22%7C%22university+student*%22%7Cadolescent*&hl=en&as_sdt=2007"
5,"R Sarfika, A Wijaya, ZM Putri, IM Saifudin","Smartphone addiction and adolescent mental health: A cross-sectional study in West Sumatra province",2024,"Int J Public Health Sci","researchgate.net","https://www.researchgate.net/profile/I-Made-Moh-Saifudin/publication/380969595_Smartphone_addiction_and_adolescent_mental_health_a_cross-_sectional_study_in_West_Sumatra_province/links/6657581f0b0d28457465152b/Smartphone-addiction-and-adolescent-mental-health-a-cross-sectional-study-in-West-Sumatra-province.pdf","https://scholar.google.com/scholar?cites=15962454761359135413&as_sdt=2005&sciodt=2007&hl=en",51,"2026-04-01 00:54:51","PDF","","",,,,,,5,2.50,1,4,2,"… between smartphone addiction and mental health issues in … Smartphone addiction was measured using the smartphone addiction scaleshort version (SAS-SV), and mental health was …","https://www.researchgate.net/profile/I-Made-Moh-Saifudin/publication/380969595_Smartphone_addiction_and_adolescent_mental_health_a_cross-_sectional_study_in_West_Sumatra_province/links/6657581f0b0d28457465152b/Smartphone-addiction-and-adolescent-mental-health-a-cross-sectional-study-in-West-Sumatra-province.pdf","https://scholar.google.com/scholar?q=related:tdINYggIht0J:scholar.google.com/&scioq=%22digital+device*%22%7Csmartphone*%7C%22mobile+phone*%22%7C%22screen+time%22%7C%22social+media%22%7C%22internet+use%22%7C%22digital+technolog*%22%7C%22online+activity%22+%22mental+health%22%7Cwellbeing%7C%22well+being%22%7Cdepression%7Canxiety%7Cstress%7C%22psychological+distress%22%7C%22mental+disorder*%22+%22young+adult*%22%7Cyouth%7C%22college+student*%22%7C%22university+student*%22%7Cadolescent*&hl=en&as_sdt=2007"
42,"M Gansner, M Nisenson, N Carson, J Torous","A pilot study using ecological momentary assessment via smartphone application to identify adolescent problematic internet use",2020,"Psychiatry Research","Elsevier","https://www.sciencedirect.com/science/article/pii/S0165178120310313","https://scholar.google.com/scholar?cites=5612545964554965866&as_sdt=2005&sciodt=2007&hl=en",52,"2026-04-01 00:54:51","","","",,,,,,42,7.00,11,4,6,"… Youth with anxiety disorders endorsed significantly greater … anxiety and depression, analyses of the temporal relationships between PIU and mood symptoms showed that anxiety …","","https://scholar.google.com/scholar?q=related:atPZdtHE400J:scholar.google.com/&scioq=%22digital+device*%22%7Csmartphone*%7C%22mobile+phone*%22%7C%22screen+time%22%7C%22social+media%22%7C%22internet+use%22%7C%22digital+technolog*%22%7C%22online+activity%22+%22mental+health%22%7Cwellbeing%7C%22well+being%22%7Cdepression%7Canxiety%7Cstress%7C%22psychological+distress%22%7C%22mental+disorder*%22+%22young+adult*%22%7Cyouth%7C%22college+student*%22%7C%22university+student*%22%7Cadolescent*&hl=en&as_sdt=2007"
49,"H Kim, MK Cho, H Ko, JE Yoo…","Association between smartphone usage and mental health in South Korean adolescents: The 2017 Korea Youth Risk behavior web-based survey",2020,"Korean journal of family …","pmc.ncbi.nlm.nih.gov","https://pmc.ncbi.nlm.nih.gov/articles/PMC7093669/","https://scholar.google.com/scholar?cites=2735384885974840592&as_sdt=2005&sciodt=2007&hl=en",53,"2026-04-01 00:54:51","HTML","","",,,,,,49,8.17,10,5,6,"… However, excessive smartphone usage has been associated with physical and mental health problems. This study aimed to evaluate the association of smartphone usage with …","https://pmc.ncbi.nlm.nih.gov/articles/PMC7093669/","https://scholar.google.com/scholar?q=related:ELWApA8K9iUJ:scholar.google.com/&scioq=%22digital+device*%22%7Csmartphone*%7C%22mobile+phone*%22%7C%22screen+time%22%7C%22social+media%22%7C%22internet+use%22%7C%22digital+technolog*%22%7C%22online+activity%22+%22mental+health%22%7Cwellbeing%7C%22well+being%22%7Cdepression%7Canxiety%7Cstress%7C%22psychological+distress%22%7C%22mental+disorder*%22+%22young+adult*%22%7Cyouth%7C%22college+student*%22%7C%22university+student*%22%7Cadolescent*&hl=en&as_sdt=2007"
113,"JS Silk, G Pramana, SL Sequeira, O Lindhiem…","Using a smartphone app and clinician portal to enhance brief cognitive behavioral therapy for childhood anxiety disorders",2020,"Behavior therapy","Elsevier","https://www.sciencedirect.com/science/article/pii/S0005789419300486","https://scholar.google.com/scholar?cites=3338613000600979148&as_sdt=2005&sciodt=2007&hl=en",54,"2026-04-01 00:54:51","","","",,,,,,113,18.83,23,5,6,"… Youth used the app an average of 12 times between … youth no longer met diagnostic criteria for an anxiety disorder, with this percentage increasing to 86% at 2-month follow-up. Youth …","https://pmc.ncbi.nlm.nih.gov/articles/PMC6995786/pdf/nihms-1529768.pdf","https://scholar.google.com/scholar?q=related:zIZS19UiVS4J:scholar.google.com/&scioq=%22digital+device*%22%7Csmartphone*%7C%22mobile+phone*%22%7C%22screen+time%22%7C%22social+media%22%7C%22internet+use%22%7C%22digital+technolog*%22%7C%22online+activity%22+%22mental+health%22%7Cwellbeing%7C%22well+being%22%7Cdepression%7Canxiety%7Cstress%7C%22psychological+distress%22%7C%22mental+disorder*%22+%22young+adult*%22%7Cyouth%7C%22college+student*%22%7C%22university+student*%22%7Cadolescent*&hl=en&as_sdt=2007"
37,"HR Kim, MA Han","… smartphone use, unhealthy behaviors, and mental health status in Korean adolescents: based on data from the 13th Korea youth risk behavior survey (2017)",2020,"Psychiatry investigation","pmc.ncbi.nlm.nih.gov","https://pmc.ncbi.nlm.nih.gov/articles/PMC8560339/","https://scholar.google.com/scholar?cites=17224948190184315369&as_sdt=2005&sciodt=2007&hl=en",55,"2026-04-01 00:54:51","HTML","","",,,,,,37,6.17,19,2,6,"… smartphone use with unhealthy behaviors and mental health, … from engaging in excessive smartphone use. Therefore, the … smartphone use, unhealthy behaviors, and mental health in …","https://pmc.ncbi.nlm.nih.gov/articles/PMC8560339/","https://scholar.google.com/scholar?q=related:6ZlxBh5PC-8J:scholar.google.com/&scioq=%22digital+device*%22%7Csmartphone*%7C%22mobile+phone*%22%7C%22screen+time%22%7C%22social+media%22%7C%22internet+use%22%7C%22digital+technolog*%22%7C%22online+activity%22+%22mental+health%22%7Cwellbeing%7C%22well+being%22%7Cdepression%7Canxiety%7Cstress%7C%22psychological+distress%22%7C%22mental+disorder*%22+%22young+adult*%22%7Cyouth%7C%22college+student*%22%7C%22university+student*%22%7Cadolescent*&hl=en&as_sdt=2007"
601,"A Orben, AK Przybylski","Screens, teens, and psychological well-being: Evidence from three time-use-diary studies",2019,"Psychological science","journals.sagepub.com","https://journals.sagepub.com/doi/abs/10.1177/0956797619830329","https://scholar.google.com/scholar?cites=6922444307004204354&as_sdt=2005&sciodt=2007&hl=en",56,"2026-04-01 00:54:51","","10.1177/0956797619830329","",,,,,,601,85.86,301,2,7,"… adolescent well-being. Finally, for the US sample, we included the Children’s Depression Inventory as a measure of adolescent well-being… (such as a tablet or smartphone)” for any of …","https://journals.sagepub.com/doi/pdf/10.1177/0956797619830329","https://scholar.google.com/scholar?q=related:QiVpqGt2EWAJ:scholar.google.com/&scioq=%22digital+device*%22%7Csmartphone*%7C%22mobile+phone*%22%7C%22screen+time%22%7C%22social+media%22%7C%22internet+use%22%7C%22digital+technolog*%22%7C%22online+activity%22+%22mental+health%22%7Cwellbeing%7C%22well+being%22%7Cdepression%7Canxiety%7Cstress%7C%22psychological+distress%22%7C%22mental+disorder*%22+%22young+adult*%22%7Cyouth%7C%22college+student*%22%7C%22university+student*%22%7Cadolescent*&hl=en&as_sdt=2007"
121,"MH Kim, S Min, JS Ahn, C An, J Lee","Association between high adolescent smartphone use and academic impairment, conflicts with family members or friends, and suicide attempts",2019,"PloS one","journals.plos.org","https://journals.plos.org/plosone/article?id=10.1371/journal.pone.0219831","https://scholar.google.com/scholar?cites=8540991001173363279&as_sdt=2005&sciodt=2007&hl=en",57,"2026-04-01 00:54:51","HTML","","",,,,,,121,17.29,24,5,7,"… smartphone use and life satisfaction [18]. Despite the possible associations between excessive smartphone use and mental health … and critical factors in adolescent mental health. …","https://journals.plos.org/plosone/article?id=10.1371/journal.pone.0219831","https://scholar.google.com/scholar?q=related:Twq_PhCyh3YJ:scholar.google.com/&scioq=%22digital+device*%22%7Csmartphone*%7C%22mobile+phone*%22%7C%22screen+time%22%7C%22social+media%22%7C%22internet+use%22%7C%22digital+technolog*%22%7C%22online+activity%22+%22mental+health%22%7Cwellbeing%7C%22well+being%22%7Cdepression%7Canxiety%7Cstress%7C%22psychological+distress%22%7C%22mental+disorder*%22+%22young+adult*%22%7Cyouth%7C%22college+student*%22%7C%22university+student*%22%7Cadolescent*&hl=en&as_sdt=2007"
86,"A Werner-Seidler, Q Wong, L Johnston, B O'Dea…","Pilot evaluation of the Sleep Ninja: a smartphone application for adolescent insomnia symptoms",2019,"BMJ open","bmjopen.bmj.com","https://bmjopen.bmj.com/content/9/5/e026502.abstract","https://scholar.google.com/scholar?cites=8204444263876789213&as_sdt=2005&sciodt=2007&hl=en",58,"2026-04-01 00:54:51","","","",,,,,,86,12.29,17,5,7,"… were decreases in depression and anxiety symptoms following … The magnitude of the decrease in depression scores is … is comparable to other adolescent depression prevention trials.…","https://bmjopen.bmj.com/content/bmjopen/9/5/e026502.full.pdf","https://scholar.google.com/scholar?q=related:3QPex5YK3HEJ:scholar.google.com/&scioq=%22digital+device*%22%7Csmartphone*%7C%22mobile+phone*%22%7C%22screen+time%22%7C%22social+media%22%7C%22internet+use%22%7C%22digital+technolog*%22%7C%22online+activity%22+%22mental+health%22%7Cwellbeing%7C%22well+being%22%7Cdepression%7Canxiety%7Cstress%7C%22psychological+distress%22%7C%22mental+disorder*%22+%22young+adult*%22%7Cyouth%7C%22college+student*%22%7C%22university+student*%22%7Cadolescent*&hl=en&as_sdt=2007"
1452,"S Lemola, N Perkinson-Gloor, S Brand…","Adolescents' electronic media use at night, sleep disturbance, and depressive symptoms in the smartphone age",2015,"Journal of youth and …","Springer","https://link.springer.com/article/10.1007/s10964-014-0176-x?r=1&error=cookies_not_supported&code=2113bdb7-e543-4482-b530-8e86e50b7683","https://scholar.google.com/scholar?cites=4079189851035434922&as_sdt=2005&sciodt=2007&hl=en",59,"2026-04-01 00:54:51","","10.1007/s10964-014-0176-x","",,,,,,1452,132.00,363,4,11,"… increasing vulnerability for poor mental health, including depression. Sleep disturbance is … who own a smartphone differ from their peers who do not own a smartphone regarding their …","https://wrap.warwick.ac.uk/id/eprint/102182/7/WRAP-adolescents-electronic-media-night-sleep-disturbance-depressive-symptoms-Lemola-2015.pdf","https://scholar.google.com/scholar?q=related:qn9Ymo4xnDgJ:scholar.google.com/&scioq=%22digital+device*%22%7Csmartphone*%7C%22mobile+phone*%22%7C%22screen+time%22%7C%22social+media%22%7C%22internet+use%22%7C%22digital+technolog*%22%7C%22online+activity%22+%22mental+health%22%7Cwellbeing%7C%22well+being%22%7Cdepression%7Canxiety%7Cstress%7C%22psychological+distress%22%7C%22mental+disorder*%22+%22young+adult*%22%7Cyouth%7C%22college+student*%22%7C%22university+student*%22%7Cadolescent*&hl=en&as_sdt=2007"
290,"I Moshe, Y Terhorst, K Opoku Asare, LB Sander…","Predicting symptoms of depression and anxiety using smartphone and wearable data",2021,"Frontiers in …","frontiersin.org","https://www.frontiersin.org/journals/psychiatry/articles/10.3389/fpsyt.2021.625247/full","https://scholar.google.com/scholar?cites=13018724522917013124&as_sdt=2005&sciodt=2007&hl=en",60,"2026-04-01 00:54:51","HTML","10.3389/fpsyt.2021.625247","",,,,,,290,58.00,58,5,5,"… is also associated with increased symptoms of depression (37), anxiety (38), and … smartphone and wearable devices may be used to predict symptoms of depression, anxiety and stress …","https://www.frontiersin.org/journals/psychiatry/articles/10.3389/fpsyt.2021.625247/full","https://scholar.google.com/scholar?q=related:hKYiOfrMq7QJ:scholar.google.com/&scioq=%22digital+device*%22%7Csmartphone*%7C%22mobile+phone*%22%7C%22screen+time%22%7C%22social+media%22%7C%22internet+use%22%7C%22digital+technolog*%22%7C%22online+activity%22+%22mental+health%22%7Cwellbeing%7C%22well+being%22%7Cdepression%7Canxiety%7Cstress%7C%22psychological+distress%22%7C%22mental+disorder*%22+%22young+adult*%22%7Cyouth%7C%22college+student*%22%7C%22university+student*%22%7Cadolescent*&hl=en&as_sdt=2007"
186,"ME David, JA Roberts, B Christenson","Too much of a good thing: Investigating the association between actual smartphone use and individual well-being",2018,"International Journal of …","Taylor &Francis","https://www.tandfonline.com/doi/abs/10.1080/10447318.2017.1349250","https://scholar.google.com/scholar?cites=399216599692520669&as_sdt=2005&sciodt=2007&hl=en",61,"2026-04-01 00:54:51","","10.1080/10447318.2017.1349250","",,,,,,186,23.25,62,3,8,"… actual smartphone use and individual and relational well-being is … smartphone use and well-being, but also the relationship between use of specific types of apps and user well-being…","https://www.researchgate.net/profile/James-Roberts-21/publication/318698623_Too_Much_of_a_Good_Thing_Investigating_the_Association_between_Actual_Smartphone_Use_and_Individual_Well-Being/links/59e8b290458515c36313ff96/Too-Much-of-a-Good-Thing-Investigating-the-Association-between-Actual-Smartphone-Use-and-Individual-Well-Being.pdf","https://scholar.google.com/scholar?q=related:3awc3WFNigUJ:scholar.google.com/&scioq=%22digital+device*%22%7Csmartphone*%7C%22mobile+phone*%22%7C%22screen+time%22%7C%22social+media%22%7C%22internet+use%22%7C%22digital+technolog*%22%7C%22online+activity%22+%22mental+health%22%7Cwellbeing%7C%22well+being%22%7Cdepression%7Canxiety%7Cstress%7C%22psychological+distress%22%7C%22mental+disorder*%22+%22young+adult*%22%7Cyouth%7C%22college+student*%22%7C%22university+student*%22%7Cadolescent*&hl=en&as_sdt=2007"
32,"JH Cha, YJ Choi, S Ryu, JH Moon","Association between smartphone usage and health outcomes of adolescents: A propensity analysis using the Korea youth risk behavior survey",2023,"PloS one","journals.plos.org","https://journals.plos.org/plosone/article?id=10.1371/journal.pone.0294553","https://scholar.google.com/scholar?cites=1714773411253626530&as_sdt=2005&sciodt=2007&hl=en",62,"2026-04-01 00:54:51","HTML","","",,,,,,32,10.67,8,4,3,"… Therefore, the link between smartphone use and mental health needs to be re… smartphone usage time of the adolescent population and investigate the association between smartphone …","https://journals.plos.org/plosone/article?id=10.1371/journal.pone.0294553","https://scholar.google.com/scholar?q=related:oqYOEFUZzBcJ:scholar.google.com/&scioq=%22digital+device*%22%7Csmartphone*%7C%22mobile+phone*%22%7C%22screen+time%22%7C%22social+media%22%7C%22internet+use%22%7C%22digital+technolog*%22%7C%22online+activity%22+%22mental+health%22%7Cwellbeing%7C%22well+being%22%7Cdepression%7Canxiety%7Cstress%7C%22psychological+distress%22%7C%22mental+disorder*%22+%22young+adult*%22%7Cyouth%7C%22college+student*%22%7C%22university+student*%22%7Cadolescent*&hl=en&as_sdt=2007"
7,"S McCoy, A Marcus-Quinn","Navigating youth, smartphones, and policy: a balanced perspective on digital wellbeing",2025,"Pediatric Research","nature.com","https://www.nature.com/articles/s41390-025-04288-3","https://scholar.google.com/scholar?cites=7189803697868867637&as_sdt=2005&sciodt=2007&hl=en",63,"2026-04-01 00:54:51","HTML","","",,,,,,7,7.00,4,2,1,"… This paper reflects on debates around smartphones, social media and digital activities in shaping young people’s wellbeing and satisfaction. In current discourse, smartphone use …","https://www.nature.com/articles/s41390-025-04288-3","https://scholar.google.com/scholar?q=related:NYhDuF5Qx2MJ:scholar.google.com/&scioq=%22digital+device*%22%7Csmartphone*%7C%22mobile+phone*%22%7C%22screen+time%22%7C%22social+media%22%7C%22internet+use%22%7C%22digital+technolog*%22%7C%22online+activity%22+%22mental+health%22%7Cwellbeing%7C%22well+being%22%7Cdepression%7Canxiety%7Cstress%7C%22psychological+distress%22%7C%22mental+disorder*%22+%22young+adult*%22%7Cyouth%7C%22college+student*%22%7C%22university+student*%22%7Cadolescent*&hl=en&as_sdt=2007"
63,"HS Seo, EK Jeong, S Choi, Y Kwon, HJ Park…","Changes of neurotransmitters in youth with internet and smartphone addiction: A comparison with healthy controls and changes after cognitive behavioral …",2020,"American Journal of …","ajnr.org","https://www.ajnr.org/content/41/7/1293.abstract","https://scholar.google.com/scholar?cites=10298141610271089142&as_sdt=2005&sciodt=2007&hl=en",64,"2026-04-01 00:54:51","HTML","","",,,,,,63,10.50,11,6,6,"… to-creatine ratios correlated with clinical scales of Internet and smartphone addictions, depression, and anxiety. Glx/Cr was negatively correlated with insomnia and sleep quality scales. …","https://www.ajnr.org/content/41/7/1293.abstract","https://scholar.google.com/scholar?q=related:9qHgjjtZ6o4J:scholar.google.com/&scioq=%22digital+device*%22%7Csmartphone*%7C%22mobile+phone*%22%7C%22screen+time%22%7C%22social+media%22%7C%22internet+use%22%7C%22digital+technolog*%22%7C%22online+activity%22+%22mental+health%22%7Cwellbeing%7C%22well+being%22%7Cdepression%7Canxiety%7Cstress%7C%22psychological+distress%22%7C%22mental+disorder*%22+%22young+adult*%22%7Cyouth%7C%22college+student*%22%7C%22university+student*%22%7Cadolescent*&hl=en&as_sdt=2007"
9,"MF Alwi, S Adi, WC Rachmawati","The effect of smartphone addiction on adolescent mental health and social interaction",2022,"5th International Conference …","atlantis-press.com","https://www.atlantis-press.com/proceedings/icssh-21/125970137","https://scholar.google.com/scholar?cites=11078851458511570187&as_sdt=2005&sciodt=2007&hl=en",65,"2026-04-01 00:54:51","","","",,,,,,9,2.25,3,3,4,"… Three articles related to mental health and three other articles related to social … that smartphone addiction has an impact on adolescent mental health, especially anxiety and depression. …","https://www.atlantis-press.com/article/125970137.pdf","https://scholar.google.com/scholar?q=related:C4XmB7T8v5kJ:scholar.google.com/&scioq=%22digital+device*%22%7Csmartphone*%7C%22mobile+phone*%22%7C%22screen+time%22%7C%22social+media%22%7C%22internet+use%22%7C%22digital+technolog*%22%7C%22online+activity%22+%22mental+health%22%7Cwellbeing%7C%22well+being%22%7Cdepression%7Canxiety%7Cstress%7C%22psychological+distress%22%7C%22mental+disorder*%22+%22young+adult*%22%7Cyouth%7C%22college+student*%22%7C%22university+student*%22%7Cadolescent*&hl=en&as_sdt=2007"
0,"EB Raposa, HS Versey, A Davis…","Exploring the Feasibility of Incorporating Smartphone‐Based Mental Health Support Into Youth Mentoring Programs: A Qualitative Analysis",2025,"Journal of …","Wiley Online Library","https://onlinelibrary.wiley.com/doi/abs/10.1002/jcop.70055","",66,"2026-04-01 00:54:51","","10.1002/jcop.70055","",,,,,,0,0.00,0,4,1,"… barriers to integrating digital mental health interventions into youth mentoring programs, … a smartphone app that allows mentors to assess and address mentees' mental health needs. …","","https://scholar.google.com/scholar?q=related:H-tnVp9Vj0MJ:scholar.google.com/&scioq=%22digital+device*%22%7Csmartphone*%7C%22mobile+phone*%22%7C%22screen+time%22%7C%22social+media%22%7C%22internet+use%22%7C%22digital+technolog*%22%7C%22online+activity%22+%22mental+health%22%7Cwellbeing%7C%22well+being%22%7Cdepression%7Canxiety%7Cstress%7C%22psychological+distress%22%7C%22mental+disorder*%22+%22young+adult*%22%7Cyouth%7C%22college+student*%22%7C%22university+student*%22%7Cadolescent*&hl=en&as_sdt=2007"
817,"JM Twenge, GN Martin","Gender differences in associations between digital media use and psychological well-being: Evidence from three large datasets",2020,"Journal of adolescence","Elsevier","https://www.sciencedirect.com/science/article/pii/S0140197119302453","https://scholar.google.com/scholar?cites=8620835568398896593&as_sdt=2005&sciodt=2007&hl=en",67,"2026-04-01 00:54:51","","","",,,,,,817,136.17,409,2,6,"… well-being/mental health issues were generally larger for girls than for boys. Light users of digital media were slightly higher in well-being … well-being are larger for adolescent girls than …","","https://scholar.google.com/scholar?q=related:0Q14OUZco3cJ:scholar.google.com/&scioq=%22digital+device*%22%7Csmartphone*%7C%22mobile+phone*%22%7C%22screen+time%22%7C%22social+media%22%7C%22internet+use%22%7C%22digital+technolog*%22%7C%22online+activity%22+%22mental+health%22%7Cwellbeing%7C%22well+being%22%7Cdepression%7Canxiety%7Cstress%7C%22psychological+distress%22%7C%22mental+disorder*%22+%22young+adult*%22%7Cyouth%7C%22college+student*%22%7C%22university+student*%22%7Cadolescent*&hl=en&as_sdt=2007"
18,"M Gansner, M Nisenson, V Lin, N Carson…","Piloting smartphone digital phenotyping to understand problematic internet use in an adolescent and young adult sample",2023,"Child Psychiatry & …","Springer","https://link.springer.com/article/10.1007/s10578-022-01313-y","https://scholar.google.com/scholar?cites=1568626363424214215&as_sdt=2005&sciodt=2007&hl=en",68,"2026-04-01 00:54:51","","10.1007/s10578-022-01313-y","",,,,,,18,6.00,4,5,3,"… youth in mental health treatment in order to assess relationships between PIU, mood symptoms, and daily behaviors like smartphone … shared associations between depression and PIU, …","","https://scholar.google.com/scholar?q=related:x4w22V3hxBUJ:scholar.google.com/&scioq=%22digital+device*%22%7Csmartphone*%7C%22mobile+phone*%22%7C%22screen+time%22%7C%22social+media%22%7C%22internet+use%22%7C%22digital+technolog*%22%7C%22online+activity%22+%22mental+health%22%7Cwellbeing%7C%22well+being%22%7Cdepression%7Canxiety%7Cstress%7C%22psychological+distress%22%7C%22mental+disorder*%22+%22young+adult*%22%7Cyouth%7C%22college+student*%22%7C%22university+student*%22%7Cadolescent*&hl=en&as_sdt=2007"
60,"YS Kwon, KS Paek","The influence of smartphone addiction on depression and communication competence among college students",2016,"Indian Journal …","sciresol.s3.us-east-2.amazonaws …","https://sciresol.s3.us-east-2.amazonaws.com/IJST/Articles/2016/Issue-41/Article15.pdf","https://scholar.google.com/scholar?cites=4559262008144596884&as_sdt=2005&sciodt=2007&hl=en",69,"2026-04-01 00:54:51","PDF","","",,,,,,60,6.00,30,2,10,"… Most studies about Smartphone addiction focus on adolescent, instead of college … smartphone addiction and depression were determined as positively correlated, depression was found …","https://sciresol.s3.us-east-2.amazonaws.com/IJST/Articles/2016/Issue-41/Article15.pdf","https://scholar.google.com/scholar?q=related:lI9k8aPART8J:scholar.google.com/&scioq=%22digital+device*%22%7Csmartphone*%7C%22mobile+phone*%22%7C%22screen+time%22%7C%22social+media%22%7C%22internet+use%22%7C%22digital+technolog*%22%7C%22online+activity%22+%22mental+health%22%7Cwellbeing%7C%22well+being%22%7Cdepression%7Canxiety%7Cstress%7C%22psychological+distress%22%7C%22mental+disorder*%22+%22young+adult*%22%7Cyouth%7C%22college+student*%22%7C%22university+student*%22%7Cadolescent*&hl=en&as_sdt=2007"
93,"N Park, H Lee","Nature of youth smartphone addiction in Korea",2014,"언론정보연구","s-space.snu.ac.kr","https://s-space.snu.ac.kr/handle/10371/92844","https://scholar.google.com/scholar?cites=16015673551885121&as_sdt=2005&sciodt=2007&hl=en",70,"2026-04-01 00:54:51","","","",,,,,,93,7.75,47,2,12,"… , the results in this study provide a useful grounding for designing further research that examines the influence of smartphone technology on the lives and well-being of youth elsewhere. …","https://s-space.snu.ac.kr/bitstream/10371/92844/1/04.pdf","https://scholar.google.com/scholar?q=related:QRPmlCvmOAAJ:scholar.google.com/&scioq=%22digital+device*%22%7Csmartphone*%7C%22mobile+phone*%22%7C%22screen+time%22%7C%22social+media%22%7C%22internet+use%22%7C%22digital+technolog*%22%7C%22online+activity%22+%22mental+health%22%7Cwellbeing%7C%22well+being%22%7Cdepression%7Canxiety%7Cstress%7C%22psychological+distress%22%7C%22mental+disorder*%22+%22young+adult*%22%7Cyouth%7C%22college+student*%22%7C%22university+student*%22%7Cadolescent*&hl=en&as_sdt=2007"
10,"D Giansanti","Smartphone addiction in youth: A narrative review of systematic evidence and emerging strategies",2025,"Psychiatry International","mdpi.com","https://www.mdpi.com/2673-5318/6/4/118","https://scholar.google.com/scholar?cites=12968976709863768498&as_sdt=2005&sciodt=2007&hl=en",71,"2026-04-01 00:54:51","HTML","","",,,,,,10,10.00,10,1,1,"… Across the literature, there is broad agreement that smartphone addiction poses risks to the mental, cognitive, and social well-being of youth, yet the depth and scope of investigation …","https://www.mdpi.com/2673-5318/6/4/118","https://scholar.google.com/scholar?q=related:soG-45oP-7MJ:scholar.google.com/&scioq=%22digital+device*%22%7Csmartphone*%7C%22mobile+phone*%22%7C%22screen+time%22%7C%22social+media%22%7C%22internet+use%22%7C%22digital+technolog*%22%7C%22online+activity%22+%22mental+health%22%7Cwellbeing%7C%22well+being%22%7Cdepression%7Canxiety%7Cstress%7C%22psychological+distress%22%7C%22mental+disorder*%22+%22young+adult*%22%7Cyouth%7C%22college+student*%22%7C%22university+student*%22%7Cadolescent*&hl=en&as_sdt=2007"
25,"SJ Lee","An analysis on the mental health of adolescent addicted to smartphone",2018,"Journal of Youth Welfare","researchgate.net","https://www.researchgate.net/profile/Lee-Sangjune/publication/328426501_An_Analysis_on_the_Mental_Health_of_Adolescent_Addicted_to_Smartphone/links/5f4e13d2a6fdcc14c5054181/An-Analysis-on-the-Mental-Health-of-Adolescent-Addicted-to-Smartphone.pdf","https://scholar.google.com/scholar?cites=7377844382209257111&as_sdt=2005&sciodt=2007&hl=en",72,"2026-04-01 00:54:51","PDF","","",,,,,,25,3.13,25,1,8,"… situation of smartphone addiction among adolescents, and the difference of psychiatric symptoms between normal smartphone youth users and youth users addicted to smartphone. …","https://www.researchgate.net/profile/Lee-Sangjune/publication/328426501_An_Analysis_on_the_Mental_Health_of_Adolescent_Addicted_to_Smartphone/links/5f4e13d2a6fdcc14c5054181/An-Analysis-on-the-Mental-Health-of-Adolescent-Addicted-to-Smartphone.pdf","https://scholar.google.com/scholar?q=related:l66xSWBeY2YJ:scholar.google.com/&scioq=%22digital+device*%22%7Csmartphone*%7C%22mobile+phone*%22%7C%22screen+time%22%7C%22social+media%22%7C%22internet+use%22%7C%22digital+technolog*%22%7C%22online+activity%22+%22mental+health%22%7Cwellbeing%7C%22well+being%22%7Cdepression%7Canxiety%7Cstress%7C%22psychological+distress%22%7C%22mental+disorder*%22+%22young+adult*%22%7Cyouth%7C%22college+student*%22%7C%22university+student*%22%7Cadolescent*&hl=en&as_sdt=2007"
0,"R Fiedler, J Geber, M Kellmann","Functional and Dysfunctional Smartphone Usage Patterns and Mental Health—Evaluation of a Brief Intervention in Adolescent and Young Adult Athletes",2025,"Journal of Clinical …","journals.humankinetics.com","https://journals.humankinetics.com/view/journals/jcsp/aop/article-10.1123-jcsp.2024-0018/article-10.1123-jcsp.2024-0018.xml","",73,"2026-04-01 00:54:51","","","",,,,,,0,0.00,0,3,1,"While digital media take a prominent role in sport and everyday life, they may impair young athletes’ mental health through dysfunctional social comparison, impaired sleep, and media …","","https://scholar.google.com/scholar?q=related:7E120Q3TNBAJ:scholar.google.com/&scioq=%22digital+device*%22%7Csmartphone*%7C%22mobile+phone*%22%7C%22screen+time%22%7C%22social+media%22%7C%22internet+use%22%7C%22digital+technolog*%22%7C%22online+activity%22+%22mental+health%22%7Cwellbeing%7C%22well+being%22%7Cdepression%7Canxiety%7Cstress%7C%22psychological+distress%22%7C%22mental+disorder*%22+%22young+adult*%22%7Cyouth%7C%22college+student*%22%7C%22university+student*%22%7Cadolescent*&hl=en&as_sdt=2007"
131,"B Swar, T Hameed","Fear of missing out, social media engagement, smartphone addiction and distraction: Moderating role of self-help mobile apps-based interventions in the youth",2017,"International conference on health informatics","scitepress.org","https://www.scitepress.org/PublishedPapers/2017/61665/","https://scholar.google.com/scholar?cites=14297315059091247085&as_sdt=2005&sciodt=2007&hl=en",74,"2026-04-01 00:54:51","","","",,,,,,131,14.56,66,2,9,"… use of smartphone has been linked with several issues including mental well-being. … and protect them from potential risks to mental health. This paper uses self-determination theory to …","https://www.scitepress.org/PublishedPapers/2017/61665/61665.pdf","https://scholar.google.com/scholar?q=related:7Q_6uktEasYJ:scholar.google.com/&scioq=%22digital+device*%22%7Csmartphone*%7C%22mobile+phone*%22%7C%22screen+time%22%7C%22social+media%22%7C%22internet+use%22%7C%22digital+technolog*%22%7C%22online+activity%22+%22mental+health%22%7Cwellbeing%7C%22well+being%22%7Cdepression%7Canxiety%7Cstress%7C%22psychological+distress%22%7C%22mental+disorder*%22+%22young+adult*%22%7Cyouth%7C%22college+student*%22%7C%22university+student*%22%7Cadolescent*&hl=en&as_sdt=2007"
53,"Z Yang, K Asbury, MD Griffiths","“A cancer in the minds of youth?” A qualitative study of problematic smartphone use among undergraduate students",2021,"International Journal of Mental Health and …","Springer","https://link.springer.com/article/10.1007/s11469-019-00204-z","https://scholar.google.com/scholar?cites=8189296394804080634&as_sdt=2005&sciodt=2007&hl=en",75,"2026-04-01 00:54:51","HTML","10.1007/s11469-019-00204-z","",,,,,,53,10.60,18,3,5,"… smartphone use (PSU) is associated with mental health problems including anxiety in … This qualitative study explored attitudes towards—and self-reported impacts of—smartphone use …","https://link.springer.com/article/10.1007/s11469-019-00204-z","https://scholar.google.com/scholar?q=related:-i-vrK45pnEJ:scholar.google.com/&scioq=%22digital+device*%22%7Csmartphone*%7C%22mobile+phone*%22%7C%22screen+time%22%7C%22social+media%22%7C%22internet+use%22%7C%22digital+technolog*%22%7C%22online+activity%22+%22mental+health%22%7Cwellbeing%7C%22well+being%22%7Cdepression%7Canxiety%7Cstress%7C%22psychological+distress%22%7C%22mental+disorder*%22+%22young+adult*%22%7Cyouth%7C%22college+student*%22%7C%22university+student*%22%7Cadolescent*&hl=en&as_sdt=2007"
4,"J Alkorta","The Impact of Long-Term Smartphone Use on Adolescent Mental Health: A Longitudinal Study.",2023,"Archives of Clinical Psychiatry","","","https://scholar.google.com/scholar?cites=2961979442424222717&as_sdt=2005&sciodt=2007&hl=en",76,"2026-04-01 00:54:51","CITATION","","",,,,,,4,1.33,4,1,3,"","https://archivespsy.com/menu-script/index.php/ACF/article/download/2145/1745","https://scholar.google.com/scholar?q=related:_ZO0EZwQGykJ:scholar.google.com/&scioq=%22digital+device*%22%7Csmartphone*%7C%22mobile+phone*%22%7C%22screen+time%22%7C%22social+media%22%7C%22internet+use%22%7C%22digital+technolog*%22%7C%22online+activity%22+%22mental+health%22%7Cwellbeing%7C%22well+being%22%7Cdepression%7Canxiety%7Cstress%7C%22psychological+distress%22%7C%22mental+disorder*%22+%22young+adult*%22%7Cyouth%7C%22college+student*%22%7C%22university+student*%22%7Cadolescent*&hl=en&as_sdt=2007"
9,"MA Alvarez de Mon, A Sánchez-Villegas…","Screen exposure, mental health and emotional well-being in the adolescent population: is it time for governments to take action?",2024,"… of Epidemiology and …","jech.bmj.com","https://jech.bmj.com/content/78/12/759.abstract","https://scholar.google.com/scholar?cites=12999141213476170667&as_sdt=2005&sciodt=2007&hl=en",77,"2026-04-01 00:54:51","","","",,,,,,9,4.50,3,3,2,"… smartphone use in teenagers, with highly addictive potential, coining the term ‘problematic smartphone … impact of these exposures on adolescent mental health. The importance of these …","","https://scholar.google.com/scholar?q=related:qytjrg86ZrQJ:scholar.google.com/&scioq=%22digital+device*%22%7Csmartphone*%7C%22mobile+phone*%22%7C%22screen+time%22%7C%22social+media%22%7C%22internet+use%22%7C%22digital+technolog*%22%7C%22online+activity%22+%22mental+health%22%7Cwellbeing%7C%22well+being%22%7Cdepression%7Canxiety%7Cstress%7C%22psychological+distress%22%7C%22mental+disorder*%22+%22young+adult*%22%7Cyouth%7C%22college+student*%22%7C%22university+student*%22%7Cadolescent*&hl=en&as_sdt=2007"
27,"N Park, H Oh","Impact of adolescent life stress and smartphone use on academic impairment: focusing on the effect of parent involvement on adolescents' smartphone …",2016,"The Journal of the Korea Contents …","The Korea Contents Association","","https://scholar.google.com/scholar?cites=13943520418205673245&as_sdt=2005&sciodt=2007&hl=en",78,"2026-04-01 00:54:51","CITATION","","",,,,,,27,2.70,14,2,10,"","","https://scholar.google.com/scholar?q=related:HSeOxfFVgcEJ:scholar.google.com/&scioq=%22digital+device*%22%7Csmartphone*%7C%22mobile+phone*%22%7C%22screen+time%22%7C%22social+media%22%7C%22internet+use%22%7C%22digital+technolog*%22%7C%22online+activity%22+%22mental+health%22%7Cwellbeing%7C%22well+being%22%7Cdepression%7Canxiety%7Cstress%7C%22psychological+distress%22%7C%22mental+disorder*%22+%22young+adult*%22%7Cyouth%7C%22college+student*%22%7C%22university+student*%22%7Cadolescent*&hl=en&as_sdt=2007"
1,"DD Aristo, B Srinivasan","Identifying Adolescent Behavioral Profiles Through K-Means Clustering Based on Smartphone Usage, Mental Health, and Academic Performance",2025,"International Journal of Informatics and Information …","ijiis.org","http://ijiis.org/index.php/IJIIS/article/view/231","https://scholar.google.com/scholar?cites=608525612168762747&as_sdt=2005&sciodt=2007&hl=en",79,"2026-04-01 00:54:51","","","",,,,,,1,1.00,1,2,1,"… This study applies a data-driven approach to segment adolescent smartphone usage behavior using the K-Means clustering algorithm within the Knowledge Discovery in Databases (…","https://ijiis.org/index.php/IJIIS/article/download/231/154","https://scholar.google.com/scholar?q=related:e9UL9tHqcQgJ:scholar.google.com/&scioq=%22digital+device*%22%7Csmartphone*%7C%22mobile+phone*%22%7C%22screen+time%22%7C%22social+media%22%7C%22internet+use%22%7C%22digital+technolog*%22%7C%22online+activity%22+%22mental+health%22%7Cwellbeing%7C%22well+being%22%7Cdepression%7Canxiety%7Cstress%7C%22psychological+distress%22%7C%22mental+disorder*%22+%22young+adult*%22%7Cyouth%7C%22college+student*%22%7C%22university+student*%22%7Cadolescent*&hl=en&as_sdt=2007"
45,"L MacLeod, B Suruliraj, D Gall…","A mobile sensing app to monitor youth mental health: observational pilot study",2021,"JMIR mHealth and …","mhealth.jmir.org","https://mhealth.jmir.org/2021/10/e20638","https://scholar.google.com/scholar?cites=9638187878436519086&as_sdt=2005&sciodt=2007&hl=en",80,"2026-04-01 00:54:51","HTML","","",,,,,,45,9.00,11,4,5,"… smartphone sensor data can be used to predict internalizing symptoms among youth in … discriminative validity of smartphone biomarkers observed among adults in a youth sample [51]. …","https://mhealth.jmir.org/2021/10/e20638","https://scholar.google.com/scholar?q=related:rjyvZM-4wYUJ:scholar.google.com/&scioq=%22digital+device*%22%7Csmartphone*%7C%22mobile+phone*%22%7C%22screen+time%22%7C%22social+media%22%7C%22internet+use%22%7C%22digital+technolog*%22%7C%22online+activity%22+%22mental+health%22%7Cwellbeing%7C%22well+being%22%7Cdepression%7Canxiety%7Cstress%7C%22psychological+distress%22%7C%22mental+disorder*%22+%22young+adult*%22%7Cyouth%7C%22college+student*%22%7C%22university+student*%22%7Cadolescent*&hl=en&as_sdt=2007"
2,"K Clark, K Phillips, E Park, A Argiros…","… , and acceptability of a smartphone-based ecological momentary assessment of minority stress and suicidal ideation among sexual and gender minority youth",2025,"PloS one","journals.plos.org","https://journals.plos.org/plosone/article?id=10.1371/journal.pone.0330204","https://scholar.google.com/scholar?cites=14013091621688897594&as_sdt=2005&sciodt=2007&hl=en",81,"2026-04-01 00:54:51","HTML","","",,,,,,2,2.00,0,5,1,"Objective We sought to develop and assess the feasibility and acceptability of a smartphone-based ecological momentary assessment (EMA) study of minority stress and suicidal …","https://journals.plos.org/plosone/article?id=10.1371/journal.pone.0330204","https://scholar.google.com/scholar?q=related:OvDE25WAeMIJ:scholar.google.com/&scioq=%22digital+device*%22%7Csmartphone*%7C%22mobile+phone*%22%7C%22screen+time%22%7C%22social+media%22%7C%22internet+use%22%7C%22digital+technolog*%22%7C%22online+activity%22+%22mental+health%22%7Cwellbeing%7C%22well+being%22%7Cdepression%7Canxiety%7Cstress%7C%22psychological+distress%22%7C%22mental+disorder*%22+%22young+adult*%22%7Cyouth%7C%22college+student*%22%7C%22university+student*%22%7Cadolescent*&hl=en&as_sdt=2007"
8,"A Nawi, FA Zameran","Exploring the relationship between smartphone use and adolescent well-being: a systematic literature review",2022,"… and Virtual Mobile Networks: Proceedings of ICICV …","Springer","https://link.springer.com/chapter/10.1007/978-981-19-1844-5_36","https://scholar.google.com/scholar?cites=11775349311920603570&as_sdt=2005&sciodt=2007&hl=en",82,"2026-04-01 00:54:51","","10.1007/978-981-19-1844-5_36","",,,,,,8,2.00,4,2,4,"… relationships of smartphone use on adolescent well-being. … relationships of smartphone use on adolescent well-being. … identified that can affect the well-being of adolescents. The four …","","https://scholar.google.com/scholar?q=related:sgEri89xaqMJ:scholar.google.com/&scioq=%22digital+device*%22%7Csmartphone*%7C%22mobile+phone*%22%7C%22screen+time%22%7C%22social+media%22%7C%22internet+use%22%7C%22digital+technolog*%22%7C%22online+activity%22+%22mental+health%22%7Cwellbeing%7C%22well+being%22%7Cdepression%7Canxiety%7Cstress%7C%22psychological+distress%22%7C%22mental+disorder*%22+%22young+adult*%22%7Cyouth%7C%22college+student*%22%7C%22university+student*%22%7Cadolescent*&hl=en&as_sdt=2007"
4,"R Ma, K Min, Z Meng, J Yang, H Zhang, Q Li","… effects of smartphone addiction in the association between mental disorders and eating disorders: findings from a nationwide survey among Chinese youth",2025,"BMC Public Health","Springer","https://link.springer.com/article/10.1186/s12889-025-23608-0","https://scholar.google.com/scholar?cites=17862969786868690917&as_sdt=2005&sciodt=2007&hl=en",83,"2026-04-01 00:54:51","HTML","10.1186/s12889-025-23608-0","",,,,,,4,4.00,1,6,1,"… Furthermore, most of the variables in our studies, such as depression, smartphone addiction, and eating disorders, are psychological variables that cannot be directly observed. Instead, …","https://link.springer.com/article/10.1186/s12889-025-23608-0","https://scholar.google.com/scholar?q=related:5e_XC2EE5vcJ:scholar.google.com/&scioq=%22digital+device*%22%7Csmartphone*%7C%22mobile+phone*%22%7C%22screen+time%22%7C%22social+media%22%7C%22internet+use%22%7C%22digital+technolog*%22%7C%22online+activity%22+%22mental+health%22%7Cwellbeing%7C%22well+being%22%7Cdepression%7Canxiety%7Cstress%7C%22psychological+distress%22%7C%22mental+disorder*%22+%22young+adult*%22%7Cyouth%7C%22college+student*%22%7C%22university+student*%22%7Cadolescent*&hl=en&as_sdt=2007"
0,"Y Zhu, A Xue, Z Wang, Q Wang, X Luo","How does parental psychological control influence adolescent depression? A sequential mediation and network analysis of smartphone addiction and sleep …",2026,"BMC Public Health","Springer","https://link.springer.com/article/10.1186/s12889-025-26049-x","",84,"2026-04-01 00:54:51","HTML","10.1186/s12889-025-26049-x","",,,,,,0,0.00,0,5,1,"… key mediating role in the link between problematic smartphone use and adolescent depression [45]. Adolescents with higher smartphone addiction levels tend to report greater insomnia…","https://link.springer.com/article/10.1186/s12889-025-26049-x","https://scholar.google.com/scholar?q=related:d5hP6FBfjf8J:scholar.google.com/&scioq=%22digital+device*%22%7Csmartphone*%7C%22mobile+phone*%22%7C%22screen+time%22%7C%22social+media%22%7C%22internet+use%22%7C%22digital+technolog*%22%7C%22online+activity%22+%22mental+health%22%7Cwellbeing%7C%22well+being%22%7Cdepression%7Canxiety%7Cstress%7C%22psychological+distress%22%7C%22mental+disorder*%22+%22young+adult*%22%7Cyouth%7C%22college+student*%22%7C%22university+student*%22%7Cadolescent*&hl=en&as_sdt=2007"
14,"MS Sifat, N Tasnim, K Stoebenau…","A qualitative exploration of university student perspectives on mindfulness-based stress reduction exercises via smartphone app in Bangladesh",2022,"… on health and well-being","Taylor &Francis","https://www.tandfonline.com/doi/abs/10.1080/17482631.2022.2113015","https://scholar.google.com/scholar?cites=16184588014467874674&as_sdt=2005&sciodt=2007&hl=en",85,"2026-04-01 00:54:51","","10.1080/17482631.2022.2113015","",,,,,,14,3.50,4,4,4,"… found that these led to significantly lower depression levels, anxiety and stress symptoms, higher mindfulness levels, and quality of life/well-being levels than control conditions; however…","https://www.tandfonline.com/doi/pdf/10.1080/17482631.2022.2113015","https://scholar.google.com/scholar?q=related:cv9mrgw1m-AJ:scholar.google.com/&scioq=%22digital+device*%22%7Csmartphone*%7C%22mobile+phone*%22%7C%22screen+time%22%7C%22social+media%22%7C%22internet+use%22%7C%22digital+technolog*%22%7C%22online+activity%22+%22mental+health%22%7Cwellbeing%7C%22well+being%22%7Cdepression%7Canxiety%7Cstress%7C%22psychological+distress%22%7C%22mental+disorder*%22+%22young+adult*%22%7Cyouth%7C%22college+student*%22%7C%22university+student*%22%7Cadolescent*&hl=en&as_sdt=2007"
120,"J Cain","It's time to confront student mental health issues associated with smartphones and social media",2018,"American journal of pharmaceutical education","pmc.ncbi.nlm.nih.gov","https://pmc.ncbi.nlm.nih.gov/articles/PMC6181159/","https://scholar.google.com/scholar?cites=3602204389549782507&as_sdt=2005&sciodt=2007&hl=en",86,"2026-04-01 00:54:51","HTML","","",,,,,,120,15.00,120,1,8,"… society has created substantial negative effects on today’s youth. She correlates the rise in depression and anxiety with the rise in smartphone and social media use, citing a trend that …","https://pmc.ncbi.nlm.nih.gov/articles/PMC6181159/","https://scholar.google.com/scholar?q=related:67V3l86Z_TEJ:scholar.google.com/&scioq=%22digital+device*%22%7Csmartphone*%7C%22mobile+phone*%22%7C%22screen+time%22%7C%22social+media%22%7C%22internet+use%22%7C%22digital+technolog*%22%7C%22online+activity%22+%22mental+health%22%7Cwellbeing%7C%22well+being%22%7Cdepression%7Canxiety%7Cstress%7C%22psychological+distress%22%7C%22mental+disorder*%22+%22young+adult*%22%7Cyouth%7C%22college+student*%22%7C%22university+student*%22%7Cadolescent*&hl=en&as_sdt=2007"
56,"J Kim, K Lee","The association between physical activity and smartphone addiction in Korean adolescents: the 16th Korea youth risk behavior web-based survey, 2020",2022,"Healthcare","mdpi.com","https://www.mdpi.com/2227-9032/10/4/702","https://scholar.google.com/scholar?cites=7808420709495930589&as_sdt=2005&sciodt=2007&hl=en",87,"2026-04-01 00:54:51","HTML","","",,,,,,56,14.00,28,2,4,"… it was reported that the risk of smartphone addiction had a negative effect on … depression, loneliness, and stress comprised the highest percentage in the high-risk group for smartphone …","https://www.mdpi.com/2227-9032/10/4/702","https://scholar.google.com/scholar?q=related:3f5OtkMVXWwJ:scholar.google.com/&scioq=%22digital+device*%22%7Csmartphone*%7C%22mobile+phone*%22%7C%22screen+time%22%7C%22social+media%22%7C%22internet+use%22%7C%22digital+technolog*%22%7C%22online+activity%22+%22mental+health%22%7Cwellbeing%7C%22well+being%22%7Cdepression%7Canxiety%7Cstress%7C%22psychological+distress%22%7C%22mental+disorder*%22+%22young+adult*%22%7Cyouth%7C%22college+student*%22%7C%22university+student*%22%7Cadolescent*&hl=en&as_sdt=2007"
38,"L Giray, J Nemeño, J Braganaza…","A survey on digital device engagement, digital stress, and coping strategies among college students in the Philippines",2024,"… and Youth","Taylor &Francis","https://www.tandfonline.com/doi/abs/10.1080/02673843.2024.2371413","https://scholar.google.com/scholar?cites=9939436653623393826&as_sdt=2005&sciodt=2007&hl=en",88,"2026-04-01 00:54:51","","10.1080/02673843.2024.2371413","",,,,,,38,19.00,10,4,2,"… This study shows that 99.7% of the respondents reported owning a smartphone. Eight in 10 respondents (76%) said they owned a laptop or a personal computer set. More than half (54…","https://www.tandfonline.com/doi/pdf/10.1080/02673843.2024.2371413","https://scholar.google.com/scholar?q=related:Ij64nvn474kJ:scholar.google.com/&scioq=%22digital+device*%22%7Csmartphone*%7C%22mobile+phone*%22%7C%22screen+time%22%7C%22social+media%22%7C%22internet+use%22%7C%22digital+technolog*%22%7C%22online+activity%22+%22mental+health%22%7Cwellbeing%7C%22well+being%22%7Cdepression%7Canxiety%7Cstress%7C%22psychological+distress%22%7C%22mental+disorder*%22+%22young+adult*%22%7Cyouth%7C%22college+student*%22%7C%22university+student*%22%7Cadolescent*&hl=en&as_sdt=2007"
46,"L Sequeira, M Battaglia, S Perrotta…","Digital phenotyping with mobile and wearable devices: advanced symptom measurement in child and adolescent depression",2019,"… of Child &Adolescent …","jaacap.org","https://www.jaacap.org/article/S0890-8567(19)30279-5/abstract","https://scholar.google.com/scholar?cites=7480585589435686136&as_sdt=2005&sciodt=2007&hl=en",89,"2026-04-01 00:54:51","","","",,,,,,46,6.57,12,4,7,"… With the advancement of smartphone technologies, however, … Smartphone use is pervasive among today’s youth, … Results from focus groups conducted through the Youth-Mental Health …","","https://scholar.google.com/scholar?q=related:-Fw4svVg0GcJ:scholar.google.com/&scioq=%22digital+device*%22%7Csmartphone*%7C%22mobile+phone*%22%7C%22screen+time%22%7C%22social+media%22%7C%22internet+use%22%7C%22digital+technolog*%22%7C%22online+activity%22+%22mental+health%22%7Cwellbeing%7C%22well+being%22%7Cdepression%7Canxiety%7Cstress%7C%22psychological+distress%22%7C%22mental+disorder*%22+%22young+adult*%22%7Cyouth%7C%22college+student*%22%7C%22university+student*%22%7Cadolescent*&hl=en&as_sdt=2007"
9,"YY Lee, HJ Seo","… on the relationship of generalized anxiety disorder and smartphone overdependence in adolescent-based on 2020 adolescent health behavior survey",2022,"Journal of the Korea Convergence …","Korea Convergence Society","","https://scholar.google.com/scholar?cites=3953512495571313396&as_sdt=2005&sciodt=2007&hl=en",90,"2026-04-01 00:54:51","CITATION","","",,,,,,9,2.25,5,2,4,"","","https://scholar.google.com/scholar?q=related:9KKYCauy3TYJ:scholar.google.com/&scioq=%22digital+device*%22%7Csmartphone*%7C%22mobile+phone*%22%7C%22screen+time%22%7C%22social+media%22%7C%22internet+use%22%7C%22digital+technolog*%22%7C%22online+activity%22+%22mental+health%22%7Cwellbeing%7C%22well+being%22%7Cdepression%7Canxiety%7Cstress%7C%22psychological+distress%22%7C%22mental+disorder*%22+%22young+adult*%22%7Cyouth%7C%22college+student*%22%7C%22university+student*%22%7Cadolescent*&hl=en&as_sdt=2007"
17,"R Zhang, Q Jiang, M Cheng, YT Rhim","The effect of smartphone addiction on adolescent health: the moderating effect of leisure physical activities",2024,"Psicologia: Reflexão e Crítica","Springer","https://link.springer.com/article/10.1186/s41155-024-00308-z","https://scholar.google.com/scholar?cites=9934261630313020293&as_sdt=2005&sciodt=2007&hl=en",91,"2026-04-01 00:54:51","HTML","10.1186/s41155-024-00308-z","",,,,,,17,8.50,4,4,2,"… impacts of smartphone addiction, particularly on adolescent mental health. The results … help adolescents reduce smartphone usage, thereby improving mental health. Additionally, …","https://link.springer.com/article/10.1186/s41155-024-00308-z","https://scholar.google.com/scholar?q=related:hbuZnFGW3YkJ:scholar.google.com/&scioq=%22digital+device*%22%7Csmartphone*%7C%22mobile+phone*%22%7C%22screen+time%22%7C%22social+media%22%7C%22internet+use%22%7C%22digital+technolog*%22%7C%22online+activity%22+%22mental+health%22%7Cwellbeing%7C%22well+being%22%7Cdepression%7Canxiety%7Cstress%7C%22psychological+distress%22%7C%22mental+disorder*%22+%22young+adult*%22%7Cyouth%7C%22college+student*%22%7C%22university+student*%22%7Cadolescent*&hl=en&as_sdt=2007"
60,"FM Bertocchi, AC De Oliveira, G Lucchetti…","Smartphone use, digital addiction and physical and mental health in community-dwelling older adults: a population-based survey",2022,"Journal of medical …","Springer","https://link.springer.com/article/10.1007/s10916-022-01839-7","https://scholar.google.com/scholar?cites=13561537084645865131&as_sdt=2005&sciodt=2007&hl=en",92,"2026-04-01 00:54:51","","10.1007/s10916-022-01839-7","",,,,,,60,15.00,15,4,4,"… for depression, anxiety or stress symptoms, QOL, sleep disturbances or loneliness. Among 172 smartphone … , whereas greater importance of the smartphone in life correlated with less …","","https://scholar.google.com/scholar?q=related:q3aaWiBCNLwJ:scholar.google.com/&scioq=%22digital+device*%22%7Csmartphone*%7C%22mobile+phone*%22%7C%22screen+time%22%7C%22social+media%22%7C%22internet+use%22%7C%22digital+technolog*%22%7C%22online+activity%22+%22mental+health%22%7Cwellbeing%7C%22well+being%22%7Cdepression%7Canxiety%7Cstress%7C%22psychological+distress%22%7C%22mental+disorder*%22+%22young+adult*%22%7Cyouth%7C%22college+student*%22%7C%22university+student*%22%7Cadolescent*&hl=en&as_sdt=2007"
40,"X Lai, C Nie, S Huang, Y Li, T Xin, C Zhang…","Effect of growth mindset on mental health two years later: The role of smartphone use",2022,"International journal of …","mdpi.com","https://www.mdpi.com/1660-4601/19/6/3355","https://scholar.google.com/scholar?cites=1898849837713205003&as_sdt=2005&sciodt=2007&hl=en",93,"2026-04-01 00:54:51","HTML","","",,,,,,40,10.00,6,7,4,"… This study focused on the far-reaching effects of growth mindset on adolescent mental health and therefore selected a sample of students who were approaching or just entering …","https://www.mdpi.com/1660-4601/19/6/3355","https://scholar.google.com/scholar?q=related:Cye06t0RWhoJ:scholar.google.com/&scioq=%22digital+device*%22%7Csmartphone*%7C%22mobile+phone*%22%7C%22screen+time%22%7C%22social+media%22%7C%22internet+use%22%7C%22digital+technolog*%22%7C%22online+activity%22+%22mental+health%22%7Cwellbeing%7C%22well+being%22%7Cdepression%7Canxiety%7Cstress%7C%22psychological+distress%22%7C%22mental+disorder*%22+%22young+adult*%22%7Cyouth%7C%22college+student*%22%7C%22university+student*%22%7Cadolescent*&hl=en&as_sdt=2007"
28,"S Madonsela, LJ Ware, M Scott…","The development and use of adolescent mobile mental health (m-mhealth) interventions in low-and middle-income countries: a scoping review",2023,"South African Journal …","journals.sagepub.com","https://journals.sagepub.com/doi/abs/10.1177/00812463231186260","https://scholar.google.com/scholar?cites=8524738859140321393&as_sdt=2005&sciodt=2007&hl=en",94,"2026-04-01 00:54:51","","10.1177/00812463231186260","",,,,,,28,9.33,7,4,3,"… (2020) 10–19 years Jamaica Cross-sectional survey feasibility study Smartphone-based development The development of smartphone-based mental health resources for Jamaican …","https://journals.sagepub.com/doi/full/10.1177/00812463231186260","https://scholar.google.com/scholar?q=related:cRAHjtP0TXYJ:scholar.google.com/&scioq=%22digital+device*%22%7Csmartphone*%7C%22mobile+phone*%22%7C%22screen+time%22%7C%22social+media%22%7C%22internet+use%22%7C%22digital+technolog*%22%7C%22online+activity%22+%22mental+health%22%7Cwellbeing%7C%22well+being%22%7Cdepression%7Canxiety%7Cstress%7C%22psychological+distress%22%7C%22mental+disorder*%22+%22young+adult*%22%7Cyouth%7C%22college+student*%22%7C%22university+student*%22%7Cadolescent*&hl=en&as_sdt=2007"
150,"N Extremera, C Quintana-Orts…","The role of cognitive emotion regulation strategies on problematic smartphone use: Comparison between problematic and non-problematic adolescent users",2019,"International journal of …","mdpi.com","https://www.mdpi.com/1660-4601/16/17/3142","https://scholar.google.com/scholar?cites=2892114348722624776&as_sdt=2005&sciodt=2007&hl=en",95,"2026-04-01 00:54:51","HTML","","",,,,,,150,21.43,50,3,7,"… effects of their depression. Moreover, Elhai, Levine, Dvorak and Hall [20] indicated that the relationship between problematic smartphone use and anxiety symptoms was mediated by …","https://www.mdpi.com/1660-4601/16/17/3142","https://scholar.google.com/scholar?q=related:CBlsVa3aIigJ:scholar.google.com/&scioq=%22digital+device*%22%7Csmartphone*%7C%22mobile+phone*%22%7C%22screen+time%22%7C%22social+media%22%7C%22internet+use%22%7C%22digital+technolog*%22%7C%22online+activity%22+%22mental+health%22%7Cwellbeing%7C%22well+being%22%7Cdepression%7Canxiety%7Cstress%7C%22psychological+distress%22%7C%22mental+disorder*%22+%22young+adult*%22%7Cyouth%7C%22college+student*%22%7C%22university+student*%22%7Cadolescent*&hl=en&as_sdt=2007"
81,"KS Woo, SH Bong, TY Choi, JW Kim","Mental health, smartphone use type, and screen time among adolescents in South Korea",2021,"Psychology research and …","Taylor &Francis","https://www.tandfonline.com/doi/abs/10.2147/PRBM.S324235","https://scholar.google.com/scholar?cites=11898622644362718765&as_sdt=2005&sciodt=2007&hl=en",96,"2026-04-01 00:54:51","","10.2147/PRBM.S324235","",,,,,,81,16.20,20,4,5,"… Finally, since no previous study has proved the absolute recommendation criteria for adolescent smartphone screen time, the basis for the unit time used in this study has not been …","https://www.tandfonline.com/doi/pdf/10.2147/prbm.s324235","https://scholar.google.com/scholar?q=related:La6o4UBmIKUJ:scholar.google.com/&scioq=%22digital+device*%22%7Csmartphone*%7C%22mobile+phone*%22%7C%22screen+time%22%7C%22social+media%22%7C%22internet+use%22%7C%22digital+technolog*%22%7C%22online+activity%22+%22mental+health%22%7Cwellbeing%7C%22well+being%22%7Cdepression%7Canxiety%7Cstress%7C%22psychological+distress%22%7C%22mental+disorder*%22+%22young+adult*%22%7Cyouth%7C%22college+student*%22%7C%22university+student*%22%7Cadolescent*&hl=en&as_sdt=2007"
222,"M Vuorre, A Orben…","There is no evidence that associations between adolescents' digital technology engagement and mental health problems have increased",2021,"Clinical Psychological …","journals.sagepub.com","https://journals.sagepub.com/doi/abs/10.1177/2167702621994549","https://scholar.google.com/scholar?cites=4509692154738845659&as_sdt=2005&sciodt=2007&hl=en",97,"2026-04-01 00:54:51","","10.1177/2167702621994549","",,,,,,222,44.40,74,3,5,"… associations relating adolescent technology engagement with mental health are dynamic … , whereby mental health problems predict smartphone use rather than phone use predicting …","https://journals.sagepub.com/doi/full/10.1177/2167702621994549","https://scholar.google.com/scholar?q=related:2yeTER-llT4J:scholar.google.com/&scioq=%22digital+device*%22%7Csmartphone*%7C%22mobile+phone*%22%7C%22screen+time%22%7C%22social+media%22%7C%22internet+use%22%7C%22digital+technolog*%22%7C%22online+activity%22+%22mental+health%22%7Cwellbeing%7C%22well+being%22%7Cdepression%7Canxiety%7Cstress%7C%22psychological+distress%22%7C%22mental+disorder*%22+%22young+adult*%22%7Cyouth%7C%22college+student*%22%7C%22university+student*%22%7Cadolescent*&hl=en&as_sdt=2007"
75,"K Kostyrka‐Allchorne, M Stoilova…","Digital experiences and their impact on the lives of adolescents with pre‐existing anxiety, depression, eating and nonsuicidal self‐injury conditions–a systematic …",2023,"… Adolescent Mental …","Wiley Online Library","https://acamh.onlinelibrary.wiley.com/doi/abs/10.1111/camh.12619","https://scholar.google.com/scholar?cites=18176930643519822905&as_sdt=2005&sciodt=2007&hl=en",98,"2026-04-01 00:54:51","","10.1111/camh.12619","",,,,,,75,25.00,25,3,3,"… the prevalence of adolescent mental health problems such as anxiety and depression (Collishaw, … They also measured smartphone ‘addiction’. There was an overall significant positive …","https://acamh.onlinelibrary.wiley.com/doi/pdfdirect/10.1111/camh.12619","https://scholar.google.com/scholar?q=related:OVzpYR1uQfwJ:scholar.google.com/&scioq=%22digital+device*%22%7Csmartphone*%7C%22mobile+phone*%22%7C%22screen+time%22%7C%22social+media%22%7C%22internet+use%22%7C%22digital+technolog*%22%7C%22online+activity%22+%22mental+health%22%7Cwellbeing%7C%22well+being%22%7Cdepression%7Canxiety%7Cstress%7C%22psychological+distress%22%7C%22mental+disorder*%22+%22young+adult*%22%7Cyouth%7C%22college+student*%22%7C%22university+student*%22%7Cadolescent*&hl=en&as_sdt=2007"
6,"LEE Jaeyoung","Mediating effect of loneliness on anxiety and smartphone overdependence among Korean adolescents: based on the 16th Korea youth risk behavior survey",2024,"Korean Journal of Health Promotion","e-kjhp.org","http://e-kjhp.org/journal/view.php?doi=10.15384/kjhp.2024.00038","https://scholar.google.com/scholar?cites=10639822533545614613&as_sdt=2005&sciodt=2007&hl=en",99,"2026-04-01 00:54:51","HTML","10.15384/kjhp.2024.00038","",,,,,,6,3.00,6,1,2,"… smartphone overdependence increases with the heightened maladaptive emotions of adolescents, such as anxiety … the relationship between anxiety and smartphone overdependence. …","http://e-kjhp.org/journal/view.php?doi=10.15384/kjhp.2024.00038","https://scholar.google.com/scholar?q=related:Fd0u2Tg-qJMJ:scholar.google.com/&scioq=%22digital+device*%22%7Csmartphone*%7C%22mobile+phone*%22%7C%22screen+time%22%7C%22social+media%22%7C%22internet+use%22%7C%22digital+technolog*%22%7C%22online+activity%22+%22mental+health%22%7Cwellbeing%7C%22well+being%22%7Cdepression%7Canxiety%7Cstress%7C%22psychological+distress%22%7C%22mental+disorder*%22+%22young+adult*%22%7Cyouth%7C%22college+student*%22%7C%22university+student*%22%7Cadolescent*&hl=en&as_sdt=2007"
49,"S Abrahamsson","Smartphone bans, student outcomes and mental health",2026,"Journal of Human Resources","jhr.uwpress.org","https://jhr.uwpress.org/content/early/2026/03/04/jhr.0224-13403R2.abstract","https://scholar.google.com/scholar?cites=9227924229490796246&as_sdt=2005&sciodt=2007&hl=en",100,"2026-04-01 00:54:51","","","",,,,,,49,49.00,49,1,1,"… in smartphone use among youth has raised concerns about its effects on well-being and … has no average effect on education or mental health but masks important gender differences. …","https://papers.ssrn.com/sol3/Delivery.cfm?abstractid=4735240","https://scholar.google.com/scholar?q=related:1uYE8TEsEIAJ:scholar.google.com/&scioq=%22digital+device*%22%7Csmartphone*%7C%22mobile+phone*%22%7C%22screen+time%22%7C%22social+media%22%7C%22internet+use%22%7C%22digital+technolog*%22%7C%22online+activity%22+%22mental+health%22%7Cwellbeing%7C%22well+being%22%7Cdepression%7Canxiety%7Cstress%7C%22psychological+distress%22%7C%22mental+disorder*%22+%22young+adult*%22%7Cyouth%7C%22college+student*%22%7C%22university+student*%22%7Cadolescent*&hl=en&as_sdt=2007"
2,"L Henderson, E Sullivan","Commentary: Safeguarding youth in the smartphone era: rethinking evidence for action–a commentary on Lai et al.(2025)",2025,"Child and Adolescent Mental Health","Wiley Online Library","https://acamh.onlinelibrary.wiley.com/doi/abs/10.1111/camh.70018","https://scholar.google.com/scholar?cites=11646614598524252240&as_sdt=2005&sciodt=2007&hl=en",101,"2026-04-01 00:54:51","","10.1111/camh.70018","",,,,,,2,2.00,1,2,1,"Smartphones – used for accessing social media, gaming and peer interaction – account for the majority of screen time among children and adolescents, with many exceeding 5 h of …","","https://scholar.google.com/scholar?q=related:ULDqXEUWoaEJ:scholar.google.com/&scioq=%22digital+device*%22%7Csmartphone*%7C%22mobile+phone*%22%7C%22screen+time%22%7C%22social+media%22%7C%22internet+use%22%7C%22digital+technolog*%22%7C%22online+activity%22+%22mental+health%22%7Cwellbeing%7C%22well+being%22%7Cdepression%7Canxiety%7Cstress%7C%22psychological+distress%22%7C%22mental+disorder*%22+%22young+adult*%22%7Cyouth%7C%22college+student*%22%7C%22university+student*%22%7Cadolescent*&hl=en&as_sdt=2007"
23,"M Minich, M Moreno","Real-world adolescent smartphone use is associated with improvements in mood: An ecological momentary assessment study",2024,"PLoS One","journals.plos.org","https://journals.plos.org/plosone/article?id=10.1371/journal.pone.0298422","https://scholar.google.com/scholar?cites=15243044473447381245&as_sdt=2005&sciodt=2007&hl=en",102,"2026-04-01 00:54:51","HTML","","",,,,,,23,11.50,12,2,2,"… The results of this study add much-needed nuance to the conversation about smartphone use and adolescent mental health. Extant research in this area has been limited by …","https://journals.plos.org/plosone/article?id=10.1371/journal.pone.0298422","https://scholar.google.com/scholar?q=related:_fhP_y8sitMJ:scholar.google.com/&scioq=%22digital+device*%22%7Csmartphone*%7C%22mobile+phone*%22%7C%22screen+time%22%7C%22social+media%22%7C%22internet+use%22%7C%22digital+technolog*%22%7C%22online+activity%22+%22mental+health%22%7Cwellbeing%7C%22well+being%22%7Cdepression%7Canxiety%7Cstress%7C%22psychological+distress%22%7C%22mental+disorder*%22+%22young+adult*%22%7Cyouth%7C%22college+student*%22%7C%22university+student*%22%7Cadolescent*&hl=en&as_sdt=2007"
133,"A Radovic, PL Vona, AM Santostefano…","Smartphone applications for mental health",2016,"Cyberpsychology …","journals.sagepub.com","https://journals.sagepub.com/doi/abs/10.1089/cyber.2015.0619","https://scholar.google.com/scholar?cites=12072953019795212809&as_sdt=2005&sciodt=2007&hl=en",103,"2026-04-01 00:54:51","","10.1089/cyber.2015.0619","",,,,,,133,13.30,33,4,10,"… applications (apps) may assist individuals with mental health … available to smartphone users seeking mental health information … stores: mental health, depression, anxiety, schizophrenia, …","https://pmc.ncbi.nlm.nih.gov/articles/PMC5335803/pdf/cyber.2015.0619.pdf","https://scholar.google.com/scholar?q=related:CYrfZs6-i6cJ:scholar.google.com/&scioq=%22digital+device*%22%7Csmartphone*%7C%22mobile+phone*%22%7C%22screen+time%22%7C%22social+media%22%7C%22internet+use%22%7C%22digital+technolog*%22%7C%22online+activity%22+%22mental+health%22%7Cwellbeing%7C%22well+being%22%7Cdepression%7Canxiety%7Cstress%7C%22psychological+distress%22%7C%22mental+disorder*%22+%22young+adult*%22%7Cyouth%7C%22college+student*%22%7C%22university+student*%22%7Cadolescent*&hl=en&as_sdt=2007"
34,"P Uhlhaas, J Torous","Digital tools for youth mental health",2019,"NPJ Digital Medicine","nature.com","https://www.nature.com/articles/s41746-019-0181-2","https://scholar.google.com/scholar?cites=17381261343206078957&as_sdt=2005&sciodt=2007&hl=en",104,"2026-04-01 00:54:51","HTML","","",,,,,,34,4.86,17,2,7,"… For example, a 2019 review of smartphone apps targeting child and adolescent psychiatry found only six studies that met strict inclusion criteria. Reviews of apps for youth mental health …","https://www.nature.com/articles/s41746-019-0181-2","https://scholar.google.com/scholar?q=related:7fkGDhqlNvEJ:scholar.google.com/&scioq=%22digital+device*%22%7Csmartphone*%7C%22mobile+phone*%22%7C%22screen+time%22%7C%22social+media%22%7C%22internet+use%22%7C%22digital+technolog*%22%7C%22online+activity%22+%22mental+health%22%7Cwellbeing%7C%22well+being%22%7Cdepression%7Canxiety%7Cstress%7C%22psychological+distress%22%7C%22mental+disorder*%22+%22young+adult*%22%7Cyouth%7C%22college+student*%22%7C%22university+student*%22%7Cadolescent*&hl=en&as_sdt=2007"
353,"S Davey, A Davey, SK Raghav, JV Singh…","Predictors and consequences of “Phubbing” among adolescents and youth in India: An impact evaluation study",2018,"Journal of Family and …","journals.lww.com","https://journals.lww.com/jfcm/_layouts/15/oaks.journals/downloadpdf.aspx?an=01438664-201825010-00006","https://scholar.google.com/scholar?cites=8235366505475955542&as_sdt=2005&sciodt=2007&hl=en",105,"2026-04-01 00:54:51","HTML","","",,,,,,353,44.13,71,5,8,"… mobile phone such as the smartphone and Internet addiction on … on Indian adolescents and youth. This, therefore, remains a … well-being, relationship health, self-flourishing, depression, …","https://journals.lww.com/jfcm/_layouts/15/oaks.journals/downloadpdf.aspx?an=01438664-201825010-00006","https://scholar.google.com/scholar?q=related:VlsLMjTmSXIJ:scholar.google.com/&scioq=%22digital+device*%22%7Csmartphone*%7C%22mobile+phone*%22%7C%22screen+time%22%7C%22social+media%22%7C%22internet+use%22%7C%22digital+technolog*%22%7C%22online+activity%22+%22mental+health%22%7Cwellbeing%7C%22well+being%22%7Cdepression%7Canxiety%7Cstress%7C%22psychological+distress%22%7C%22mental+disorder*%22+%22young+adult*%22%7Cyouth%7C%22college+student*%22%7C%22university+student*%22%7Cadolescent*&hl=en&as_sdt=2007"
40,"H Gul, S Firat, M Sertcelik, A Gul, Y Gurel…","… of psychiatric symptoms, age, and gender on fear of missing out (FoMO) and problematic smartphone use: A path analysis with clinical-based adolescent …",2022,"Indian Journal of …","journals.lww.com","https://journals.lww.com/indianjpsychiatry/fulltext/2022/64030/effects_of_psychiatric_symptoms,_age,_and_gender.10.aspx","https://scholar.google.com/scholar?cites=495987935738011531&as_sdt=2005&sciodt=2007&hl=en",106,"2026-04-01 00:54:51","HTML","","",,,,,,40,10.00,7,6,4,"… of PSU and anxiety, lower levels of depression, … depression associations in a new perspective supports these predictions. In this study, results demonstrated that non-social smartphone …","https://journals.lww.com/indianjpsychiatry/fulltext/2022/64030/effects_of_psychiatric_symptoms,_age,_and_gender.10.aspx","https://scholar.google.com/scholar?q=related:ix-LUmYa4gYJ:scholar.google.com/&scioq=%22digital+device*%22%7Csmartphone*%7C%22mobile+phone*%22%7C%22screen+time%22%7C%22social+media%22%7C%22internet+use%22%7C%22digital+technolog*%22%7C%22online+activity%22+%22mental+health%22%7Cwellbeing%7C%22well+being%22%7Cdepression%7Canxiety%7Cstress%7C%22psychological+distress%22%7C%22mental+disorder*%22+%22young+adult*%22%7Cyouth%7C%22college+student*%22%7C%22university+student*%22%7Cadolescent*&hl=en&as_sdt=2007"
9,"M Yıldırım, E Geçer, H Bağcı","The mediating role of social connectedness in the relationship between smartphone use and psychological adjustment problems in Turkish youth",2024,"Discover Psychology","Springer","https://link.springer.com/article/10.1007/s44202-024-00180-z","https://scholar.google.com/scholar?cites=15689800095426937643&as_sdt=2005&sciodt=2007&hl=en",107,"2026-04-01 00:54:51","HTML","10.1007/s44202-024-00180-z","",,,,,,9,4.50,3,3,2,"… psychological well-being and societal cohesion [23]. However, excessive smartphone usage is also associated with previous psychopathologies such as depression, anxiety and …","https://link.springer.com/article/10.1007/s44202-024-00180-z","https://scholar.google.com/scholar?q=related:KwPQBA9evdkJ:scholar.google.com/&scioq=%22digital+device*%22%7Csmartphone*%7C%22mobile+phone*%22%7C%22screen+time%22%7C%22social+media%22%7C%22internet+use%22%7C%22digital+technolog*%22%7C%22online+activity%22+%22mental+health%22%7Cwellbeing%7C%22well+being%22%7Cdepression%7Canxiety%7Cstress%7C%22psychological+distress%22%7C%22mental+disorder*%22+%22young+adult*%22%7Cyouth%7C%22college+student*%22%7C%22university+student*%22%7Cadolescent*&hl=en&as_sdt=2007"
121,"CL Odgers, MR Jensen","Adolescent development and growing divides in the digital age",2020,"Dialogues in clinical neuroscience","Taylor &Francis","https://www.tandfonline.com/doi/abs/10.31887/DCNS.2020.22.2/codgers","https://scholar.google.com/scholar?cites=649505373646404566&as_sdt=2005&sciodt=2007&hl=en",108,"2026-04-01 00:54:51","","10.31887/DCNS.2020.22.2","",,,,,,121,20.17,61,2,6,"… media, smartphone usage, and adolescents’ mental health, … adolescents’ mental health and their smartphone and social … are expected to increase significantly as youth are left with only …","https://www.tandfonline.com/doi/pdf/10.31887/DCNS.2020.22.2/codgers","https://scholar.google.com/scholar?q=related:1rvmM7KBAwkJ:scholar.google.com/&scioq=%22digital+device*%22%7Csmartphone*%7C%22mobile+phone*%22%7C%22screen+time%22%7C%22social+media%22%7C%22internet+use%22%7C%22digital+technolog*%22%7C%22online+activity%22+%22mental+health%22%7Cwellbeing%7C%22well+being%22%7Cdepression%7Canxiety%7Cstress%7C%22psychological+distress%22%7C%22mental+disorder*%22+%22young+adult*%22%7Cyouth%7C%22college+student*%22%7C%22university+student*%22%7Cadolescent*&hl=en&as_sdt=2007"
77,"VA Goodyear, A Randhawa, P Adab…","School phone policies and their association with mental wellbeing, phone use, and social media use (SMART Schools): a cross-sectional observational study",2025,"The Lancet Regional …","thelancet.com","https://www.thelancet.com/journals/lanepe/article/PIIS2666-7762(25)00003-1/fulltext","https://scholar.google.com/scholar?cites=2645379149406850221&as_sdt=2005&sciodt=2007&hl=en",109,"2026-04-01 00:54:51","HTML","","",,,,,,77,77.00,19,4,1,"… strength of associations between smartphone/social media and mental wellbeing exist, and … Based on the literature on adolescent mental wellbeing, we identified four subgroup effects …","https://www.thelancet.com/journals/lanepe/article/PIIS2666-7762(25)00003-1/fulltext","https://scholar.google.com/scholar?q=related:rcyeEFJGtiQJ:scholar.google.com/&scioq=%22digital+device*%22%7Csmartphone*%7C%22mobile+phone*%22%7C%22screen+time%22%7C%22social+media%22%7C%22internet+use%22%7C%22digital+technolog*%22%7C%22online+activity%22+%22mental+health%22%7Cwellbeing%7C%22well+being%22%7Cdepression%7Canxiety%7Cstress%7C%22psychological+distress%22%7C%22mental+disorder*%22+%22young+adult*%22%7Cyouth%7C%22college+student*%22%7C%22university+student*%22%7Cadolescent*&hl=en&as_sdt=2007"
28,"G Wood, V Goodyear, P Adab, H Al-Janabi, S Fenton…","Smartphones, social Media and Adolescent mental well-being: the impact of school policies Restricting dayTime use—protocol for a natural experimental …",2023,"BMJ open","bmjopen.bmj.com","https://bmjopen.bmj.com/content/13/7/e075832.abstract","https://scholar.google.com/scholar?cites=11129876211692462171&as_sdt=2005&sciodt=2007&hl=en",110,"2026-04-01 00:54:51","","","",,,,,,28,9.33,5,6,3,"… Within this age range we may also be able to observe potential differences in smartphone/social media use relationships with well-being.33 For example, year 8 pupils are likely to be …","https://bmjopen.bmj.com/content/bmjopen/13/7/e075832.full.pdf","https://scholar.google.com/scholar?q=related:W-D_J3JDdZoJ:scholar.google.com/&scioq=%22digital+device*%22%7Csmartphone*%7C%22mobile+phone*%22%7C%22screen+time%22%7C%22social+media%22%7C%22internet+use%22%7C%22digital+technolog*%22%7C%22online+activity%22+%22mental+health%22%7Cwellbeing%7C%22well+being%22%7Cdepression%7Canxiety%7Cstress%7C%22psychological+distress%22%7C%22mental+disorder*%22+%22young+adult*%22%7Cyouth%7C%22college+student*%22%7C%22university+student*%22%7Cadolescent*&hl=en&as_sdt=2007"
30,"KA Allen","Commentary: A pilot digital intervention targeting loneliness in youth mental health",2020,"Frontiers in Psychiatry","frontiersin.org","https://www.frontiersin.org/journals/psychiatry/articles/10.3389/fpsyt.2019.00959/full","https://scholar.google.com/scholar?cites=11929275626750905619&as_sdt=2005&sciodt=2007&hl=en",111,"2026-04-01 00:54:51","HTML","10.3389/fpsyt.2019.00959","",,,,,,30,5.00,30,1,6,"… Positive relationships are fundamental to our physical and psychological health and wellbeing, yet … This is the central aim of the +Connect smartphone app. The pilot of +Connect offers …","https://www.frontiersin.org/journals/psychiatry/articles/10.3389/fpsyt.2019.00959/full","https://scholar.google.com/scholar?q=related:E402gPpMjaUJ:scholar.google.com/&scioq=%22digital+device*%22%7Csmartphone*%7C%22mobile+phone*%22%7C%22screen+time%22%7C%22social+media%22%7C%22internet+use%22%7C%22digital+technolog*%22%7C%22online+activity%22+%22mental+health%22%7Cwellbeing%7C%22well+being%22%7Cdepression%7Canxiety%7Cstress%7C%22psychological+distress%22%7C%22mental+disorder*%22+%22young+adult*%22%7Cyouth%7C%22college+student*%22%7C%22university+student*%22%7Cadolescent*&hl=en&as_sdt=2007"
9,"Y Ko, S Kim, S Park","… for the problems of smartphone addiction in Korean youth: focusing on anxiety, depression, impulsiveness, self-control, self-esteem and smartphone …",2022,"Journal of …","Korean Society of public Health …","","https://scholar.google.com/scholar?cites=18425979473638092012&as_sdt=2005&sciodt=2007&hl=en",112,"2026-04-01 00:54:51","CITATION","","",,,,,,9,2.25,3,3,4,"","","https://scholar.google.com/scholar?q=related:7GzWzLQ6tv8J:scholar.google.com/&scioq=%22digital+device*%22%7Csmartphone*%7C%22mobile+phone*%22%7C%22screen+time%22%7C%22social+media%22%7C%22internet+use%22%7C%22digital+technolog*%22%7C%22online+activity%22+%22mental+health%22%7Cwellbeing%7C%22well+being%22%7Cdepression%7Canxiety%7Cstress%7C%22psychological+distress%22%7C%22mental+disorder*%22+%22young+adult*%22%7Cyouth%7C%22college+student*%22%7C%22university+student*%22%7Cadolescent*&hl=en&as_sdt=2007"
47,"S De Sá, A Baião, H Marques, MC Marques, MJ Reis…","The influence of smartphones on adolescent sleep: A systematic literature review",2023,"Nursing Reports","mdpi.com","https://www.mdpi.com/2039-4403/13/2/54","https://scholar.google.com/scholar?cites=10969835938823446616&as_sdt=2005&sciodt=2007&hl=en",113,"2026-04-01 00:54:51","HTML","","",,,,,,47,15.67,8,6,3,"… influence of the use of smartphones on adolescent sleep quality. (2) … smartphone use, insufficient sleep, and mental health … and consequent well-being and performance during the day. …","https://www.mdpi.com/2039-4403/13/2/54","https://scholar.google.com/scholar?q=related:WKDiaaqvPJgJ:scholar.google.com/&scioq=%22digital+device*%22%7Csmartphone*%7C%22mobile+phone*%22%7C%22screen+time%22%7C%22social+media%22%7C%22internet+use%22%7C%22digital+technolog*%22%7C%22online+activity%22+%22mental+health%22%7Cwellbeing%7C%22well+being%22%7Cdepression%7Canxiety%7Cstress%7C%22psychological+distress%22%7C%22mental+disorder*%22+%22young+adult*%22%7Cyouth%7C%22college+student*%22%7C%22university+student*%22%7Cadolescent*&hl=en&as_sdt=2007"
26,"J Bantjes","Digital solutions to promote adolescent mental health: Opportunities and challenges for research and practice",2022,"PLoS Medicine","journals.plos.org","https://journals.plos.org/plosmedicine/article?id=10.1371/journal.pmed.1004008","https://scholar.google.com/scholar?cites=10611263193799430902&as_sdt=2005&sciodt=2007&hl=en",114,"2026-04-01 00:54:51","HTML","","",,,,,,26,6.50,26,1,4,"… that came with the pandemic have driven up the demand for digital solutions to mental health … appropriate for expanding adolescent mental health services. Smartphone applications (…","https://journals.plos.org/plosmedicine/article?id=10.1371/journal.pmed.1004008","https://scholar.google.com/scholar?q=related:9pKXZKfHQpMJ:scholar.google.com/&scioq=%22digital+device*%22%7Csmartphone*%7C%22mobile+phone*%22%7C%22screen+time%22%7C%22social+media%22%7C%22internet+use%22%7C%22digital+technolog*%22%7C%22online+activity%22+%22mental+health%22%7Cwellbeing%7C%22well+being%22%7Cdepression%7Canxiety%7Cstress%7C%22psychological+distress%22%7C%22mental+disorder*%22+%22young+adult*%22%7Cyouth%7C%22college+student*%22%7C%22university+student*%22%7Cadolescent*&hl=en&as_sdt=2007"
853,"J Firth, J Torous, J Nicholas, R Carney…","Can smartphone mental health interventions reduce symptoms of anxiety? A meta-analysis of randomized controlled trials",2017,"Journal of affective …","Elsevier","https://www.sciencedirect.com/science/article/pii/S0165032717300150","https://scholar.google.com/scholar?cites=2717247261089671426&as_sdt=2005&sciodt=2007&hl=en",115,"2026-04-01 00:54:51","HTML","","",,,,,,853,94.78,171,5,9,"… delivered via smartphone devices can reduce anxiety. Future research should aim to develop pragmatic methods for implementing smartphone-based support for people with anxiety, …","https://www.sciencedirect.com/science/article/pii/S0165032717300150","https://scholar.google.com/scholar?q=related:AiknxPyZtSUJ:scholar.google.com/&scioq=%22digital+device*%22%7Csmartphone*%7C%22mobile+phone*%22%7C%22screen+time%22%7C%22social+media%22%7C%22internet+use%22%7C%22digital+technolog*%22%7C%22online+activity%22+%22mental+health%22%7Cwellbeing%7C%22well+being%22%7Cdepression%7Canxiety%7Cstress%7C%22psychological+distress%22%7C%22mental+disorder*%22+%22young+adult*%22%7Cyouth%7C%22college+student*%22%7C%22university+student*%22%7Cadolescent*&hl=en&as_sdt=2007"
16,"Y Otsuka, Y Kaneita, O Itani, Y Matsumoto","The Japanese youth version of the smartphone addiction scale among the youth in Japan: reliability and validity assessment",2023,"… Journal of Mental Health and …","Springer","https://link.springer.com/article/10.1007/s11469-021-00594-z","https://scholar.google.com/scholar?cites=5318402647928640281&as_sdt=2005&sciodt=2007&hl=en",116,"2026-04-01 00:54:51","","10.1007/s11469-021-00594-z","",,,,,,16,5.33,4,4,3,"… information on smartphone usage in Japanese youth. The SASJ is a reliable and valid questionnaire that can be used to screen for high risk of smartphone overuse in Japanese youth. …","","https://scholar.google.com/scholar?q=related:GZNIugfDzkkJ:scholar.google.com/&scioq=%22digital+device*%22%7Csmartphone*%7C%22mobile+phone*%22%7C%22screen+time%22%7C%22social+media%22%7C%22internet+use%22%7C%22digital+technolog*%22%7C%22online+activity%22+%22mental+health%22%7Cwellbeing%7C%22well+being%22%7Cdepression%7Canxiety%7Cstress%7C%22psychological+distress%22%7C%22mental+disorder*%22+%22young+adult*%22%7Cyouth%7C%22college+student*%22%7C%22university+student*%22%7Cadolescent*&hl=en&as_sdt=2007"
30,"Y Jin, W Xiong, X Liu, J An","Trait mindfulness and problematic smartphone use in Chinese early adolescent: the multiple mediating roles of negative affectivity and fear of missing out",2023,"Behavioral Sciences","mdpi.com","https://www.mdpi.com/2076-328X/13/3/222","https://scholar.google.com/scholar?cites=3446123649414656471&as_sdt=2005&sciodt=2007&hl=en",117,"2026-04-01 00:54:51","HTML","","",,,,,,30,10.00,8,4,3,"… -mediated role, and depression, anxiety, and loneliness played a … -term effects of problematic smartphone use by reducing … self-regulation and well-being. Findings have implications for …","https://www.mdpi.com/2076-328X/13/3/222","https://scholar.google.com/scholar?q=related:1_FuZzMX0y8J:scholar.google.com/&scioq=%22digital+device*%22%7Csmartphone*%7C%22mobile+phone*%22%7C%22screen+time%22%7C%22social+media%22%7C%22internet+use%22%7C%22digital+technolog*%22%7C%22online+activity%22+%22mental+health%22%7Cwellbeing%7C%22well+being%22%7Cdepression%7Canxiety%7Cstress%7C%22psychological+distress%22%7C%22mental+disorder*%22+%22young+adult*%22%7Cyouth%7C%22college+student*%22%7C%22university+student*%22%7Cadolescent*&hl=en&as_sdt=2007"
45,"M Yang, ECH Ngai, X Hu, B Hu, J Liu…","Digital phenotyping and feature extraction on smartphone data for depression detection",2025,"Proceedings of the …","ieeexplore.ieee.org","https://ieeexplore.ieee.org/abstract/document/10915577/","https://scholar.google.com/scholar?cites=16836660823167059998&as_sdt=2005&sciodt=2007&hl=en",118,"2026-04-01 00:54:51","","","",,,,,,45,45.00,8,6,1,"… extracting digital phenotypes of depression, issues such as … feature extraction algorithms based on smartphone sensor data, … in depression detection research utilizing smartphone data. …","https://ieeexplore.ieee.org/iel8/5/4357935/10915577.pdf","https://scholar.google.com/scholar?q=related:HsibcNDVp-kJ:scholar.google.com/&scioq=%22digital+device*%22%7Csmartphone*%7C%22mobile+phone*%22%7C%22screen+time%22%7C%22social+media%22%7C%22internet+use%22%7C%22digital+technolog*%22%7C%22online+activity%22+%22mental+health%22%7Cwellbeing%7C%22well+being%22%7Cdepression%7Canxiety%7Cstress%7C%22psychological+distress%22%7C%22mental+disorder*%22+%22young+adult*%22%7Cyouth%7C%22college+student*%22%7C%22university+student*%22%7Cadolescent*&hl=en&as_sdt=2007"
11,"S Park, J Choi","Subjective symptom of visual display terminal syndrome and state anxiety in adolescent smartphone users",2015,"International Journal of Contents","pdfs.semanticscholar.org","https://pdfs.semanticscholar.org/9f8e/dc154d33b49582d01db1e3b91e2b82aec081.pdf","https://scholar.google.com/scholar?cites=3459443852021324965&as_sdt=2005&sciodt=2007&hl=en",119,"2026-04-01 00:54:51","PDF","","",,,,,,11,1.00,6,2,11,"… adolescent, we followed here with the definition provided by the Framework Act on Juveniles of Korea. In this study, adolescent … and mental health of adolescent smartphone users. This …","https://pdfs.semanticscholar.org/9f8e/dc154d33b49582d01db1e3b91e2b82aec081.pdf","https://scholar.google.com/scholar?q=related:pdwjwNppAjAJ:scholar.google.com/&scioq=%22digital+device*%22%7Csmartphone*%7C%22mobile+phone*%22%7C%22screen+time%22%7C%22social+media%22%7C%22internet+use%22%7C%22digital+technolog*%22%7C%22online+activity%22+%22mental+health%22%7Cwellbeing%7C%22well+being%22%7Cdepression%7Canxiety%7Cstress%7C%22psychological+distress%22%7C%22mental+disorder*%22+%22young+adult*%22%7Cyouth%7C%22college+student*%22%7C%22university+student*%22%7Cadolescent*&hl=en&as_sdt=2007"
15,"MF Huang, YP Chang, WH Lu, CF Yen","… smartphone use and its associations with sexual minority stressors, gender nonconformity, and mental health problems among young adult lesbian, gay, and …",2022,"International journal of …","mdpi.com","https://www.mdpi.com/1660-4601/19/9/5780","https://scholar.google.com/scholar?cites=5573816970424389562&as_sdt=2005&sciodt=2007&hl=en",120,"2026-04-01 00:54:51","HTML","","",,,,,,15,3.75,4,4,4,"… PSU was significantly associated with depression and anxiety in LGB individuals. Although temporal relationships between PSU and depression and anxiety could not be determined in …","https://www.mdpi.com/1660-4601/19/9/5780","https://scholar.google.com/scholar?q=related:uo8w1QAtWk0J:scholar.google.com/&scioq=%22digital+device*%22%7Csmartphone*%7C%22mobile+phone*%22%7C%22screen+time%22%7C%22social+media%22%7C%22internet+use%22%7C%22digital+technolog*%22%7C%22online+activity%22+%22mental+health%22%7Cwellbeing%7C%22well+being%22%7Cdepression%7Canxiety%7Cstress%7C%22psychological+distress%22%7C%22mental+disorder*%22+%22young+adult*%22%7Cyouth%7C%22college+student*%22%7C%22university+student*%22%7Cadolescent*&hl=en&as_sdt=2007"
0,"CA Modica, K Bailey","Bidirectional Longitudinal Associations Between Emotional Regulation, Perceived Stress, and Multiple Indices of Smartphone Use Among Young-Adult Women",2025,"International Journal of Human–Computer …","Taylor &Francis","https://www.tandfonline.com/doi/abs/10.1080/10447318.2025.2594151","",121,"2026-04-01 00:54:51","","10.1080/10447318.2025.2594151","",,,,,,0,0.00,0,2,1,"… stress and indices of smartphone use, as well as emotion regulation and indices of smartphone … longitudinal associations between perceived stress and smartphone pervasiveness, and …","","https://scholar.google.com/scholar?q=related:SgpHDWkuAeMJ:scholar.google.com/&scioq=%22digital+device*%22%7Csmartphone*%7C%22mobile+phone*%22%7C%22screen+time%22%7C%22social+media%22%7C%22internet+use%22%7C%22digital+technolog*%22%7C%22online+activity%22+%22mental+health%22%7Cwellbeing%7C%22well+being%22%7Cdepression%7Canxiety%7Cstress%7C%22psychological+distress%22%7C%22mental+disorder*%22+%22young+adult*%22%7Cyouth%7C%22college+student*%22%7C%22university+student*%22%7Cadolescent*&hl=en&as_sdt=2007"
131,"JE Bettmann, G Anstadt, B Casselman…","Young adult depression and anxiety linked to social media use: Assessment and treatment",2021,"Clinical Social Work …","Springer","https://link.springer.com/article/10.1007/s10615-020-00752-1","https://scholar.google.com/scholar?cites=830309118524780459&as_sdt=2005&sciodt=2007&hl=en",122,"2026-04-01 00:54:51","","10.1007/s10615-020-00752-1","",,,,,,131,26.20,33,4,5,"… Smartphone use within young adult populations also is extremely high: estimates of undergraduate smartphone … linking social media use with depression and anxiety and utilize a …","","https://scholar.google.com/scholar?q=related:q-9vf77ZhQsJ:scholar.google.com/&scioq=%22digital+device*%22%7Csmartphone*%7C%22mobile+phone*%22%7C%22screen+time%22%7C%22social+media%22%7C%22internet+use%22%7C%22digital+technolog*%22%7C%22online+activity%22+%22mental+health%22%7Cwellbeing%7C%22well+being%22%7Cdepression%7Canxiety%7Cstress%7C%22psychological+distress%22%7C%22mental+disorder*%22+%22young+adult*%22%7Cyouth%7C%22college+student*%22%7C%22university+student*%22%7Cadolescent*&hl=en&as_sdt=2007"
72,"J Long, P Wang, S Liu, L Lei","Materialism and adolescent problematic smartphone use: The mediating role of fear of missing out and the moderating role of narcissism",2021,"Current Psychology","Springer","https://link.springer.com/article/10.1007/s12144-019-00526-0","https://scholar.google.com/scholar?cites=6323568004302087180&as_sdt=2005&sciodt=2007&hl=en",123,"2026-04-01 00:54:51","","10.1007/s12144-019-00526-0","",,,,,,72,14.40,18,4,5,"… to adolescent problematic smartphone use. … to adolescent problematic smartphone use, which has important implications for the prevention and intervention of problematic smartphone …","","https://scholar.google.com/scholar?q=related:DKRzoZjTwVcJ:scholar.google.com/&scioq=%22digital+device*%22%7Csmartphone*%7C%22mobile+phone*%22%7C%22screen+time%22%7C%22social+media%22%7C%22internet+use%22%7C%22digital+technolog*%22%7C%22online+activity%22+%22mental+health%22%7Cwellbeing%7C%22well+being%22%7Cdepression%7Canxiety%7Cstress%7C%22psychological+distress%22%7C%22mental+disorder*%22+%22young+adult*%22%7Cyouth%7C%22college+student*%22%7C%22university+student*%22%7Cadolescent*&hl=en&as_sdt=2007"
28,"H Pang","Is smartphone creating a better life? Exploring the relationships of the smartphone practices, social capital and psychological well-being among college students",2017,"International Journal of Advanced Media and …","inderscienceonline.com","https://www.inderscienceonline.com/doi/abs/10.1504/IJAMC.2017.089346","https://scholar.google.com/scholar?cites=59430699891831989&as_sdt=2005&sciodt=2007&hl=en",124,"2026-04-01 00:54:51","","10.1504/IJAMC.2017.089346","",,,,,,28,3.11,28,1,9,"… of smartphone use such as addiction and social interaction anxiety (Lee et al., 2014; Wu et al., 2013). The focus of this study is not negative impacts of such technologies on youth given …","https://www.researchgate.net/profile/Hua-Pang-7/publication/322627953_Is_smartphone_creating_a_better_life_Exploring_the_relationships_of_the_smartphone_practices_social_capital_and_psychological_well-being_among_college_students/links/5b07cd5d0f7e9b1ed7f26e33/Is-smartphone-creating-a-better-life-Exploring-the-relationships-of-the-smartphone-practices-social-capital-and-psychological-well-being-among-college-students.pdf?origin=journalDetail&_tp=eyJwYWdlIjoiam91cm5hbERldGFpbCJ9","https://scholar.google.com/scholar?q=related:tTTOG-gj0wAJ:scholar.google.com/&scioq=%22digital+device*%22%7Csmartphone*%7C%22mobile+phone*%22%7C%22screen+time%22%7C%22social+media%22%7C%22internet+use%22%7C%22digital+technolog*%22%7C%22online+activity%22+%22mental+health%22%7Cwellbeing%7C%22well+being%22%7Cdepression%7Canxiety%7Cstress%7C%22psychological+distress%22%7C%22mental+disorder*%22+%22young+adult*%22%7Cyouth%7C%22college+student*%22%7C%22university+student*%22%7Cadolescent*&hl=en&as_sdt=2007"
43,"AB Temkin, J Schild, A Falk…","Mobile apps for youth anxiety disorders: A review of the evidence and forecast of future innovations.",2020,"… : Research and Practice","psycnet.apa.org","https://psycnet.apa.org/fulltext/2020-50595-001.html","https://scholar.google.com/scholar?cites=8352290391357945777&as_sdt=2005&sciodt=2007&hl=en",125,"2026-04-01 00:54:51","","","",,,,,,43,7.17,11,4,6,"… data on smartphone apps targeting anxiety disorders for youth and … , and unique features of smartphone apps with an evidence … app-based treatments for youth and young adult anxiety. …","","https://scholar.google.com/scholar?q=related:sXfMzdtL6XMJ:scholar.google.com/&scioq=%22digital+device*%22%7Csmartphone*%7C%22mobile+phone*%22%7C%22screen+time%22%7C%22social+media%22%7C%22internet+use%22%7C%22digital+technolog*%22%7C%22online+activity%22+%22mental+health%22%7Cwellbeing%7C%22well+being%22%7Cdepression%7Canxiety%7Cstress%7C%22psychological+distress%22%7C%22mental+disorder*%22+%22young+adult*%22%7Cyouth%7C%22college+student*%22%7C%22university+student*%22%7Cadolescent*&hl=en&as_sdt=2007"
189,"MA Lapierre, P Zhao, BE Custer","Short-term longitudinal relationships between smartphone use/dependency and psychological well-being among late adolescents",2019,"Journal of Adolescent Health","Elsevier","https://www.sciencedirect.com/science/article/pii/S1054139X19303374","https://scholar.google.com/scholar?cites=13088236687769047703&as_sdt=2005&sciodt=2007&hl=en",126,"2026-04-01 00:54:51","","","",,,,,,189,27.00,63,3,7,"… The findings reveal that smartphone engagement is a significant predictor of subsequent … of smartphone engagement on adolescent well-being. In just over a decade, the smartphone …","https://www.jahonline.org/article/S1054-139X(19)30337-4/pdf","https://scholar.google.com/scholar?q=related:l5K1TuzBorUJ:scholar.google.com/&scioq=%22digital+device*%22%7Csmartphone*%7C%22mobile+phone*%22%7C%22screen+time%22%7C%22social+media%22%7C%22internet+use%22%7C%22digital+technolog*%22%7C%22online+activity%22+%22mental+health%22%7Cwellbeing%7C%22well+being%22%7Cdepression%7Canxiety%7Cstress%7C%22psychological+distress%22%7C%22mental+disorder*%22+%22young+adult*%22%7Cyouth%7C%22college+student*%22%7C%22university+student*%22%7Cadolescent*&hl=en&as_sdt=2007"
106,"H Gül, S Fırat, M Sertçelik, A Gül, Y Gürel…","Cyberbullying among a clinical adolescent sample in Turkey: effects of problematic smartphone use, psychiatric symptoms, and emotion regulation difficulties",2019,"Psychiatry and Clinical …","Taylor &Francis","https://www.tandfonline.com/doi/abs/10.1080/24750573.2018.1472923","https://scholar.google.com/scholar?cites=650133585300110072&as_sdt=2005&sciodt=2007&hl=en",127,"2026-04-01 00:54:51","","10.1080/24750573.2018.1472923","",,,,,,106,15.14,18,6,7,"… victimization, examine relationships between problematic smartphone (SP) use (PSU), psychiatric symptoms and emotion regulation difficulties in a clinical adolescent sample. Also, we …","https://www.tandfonline.com/doi/pdf/10.1080/24750573.2018.1472923","https://scholar.google.com/scholar?q=related:-DpdIA29BQkJ:scholar.google.com/&scioq=%22digital+device*%22%7Csmartphone*%7C%22mobile+phone*%22%7C%22screen+time%22%7C%22social+media%22%7C%22internet+use%22%7C%22digital+technolog*%22%7C%22online+activity%22+%22mental+health%22%7Cwellbeing%7C%22well+being%22%7Cdepression%7Canxiety%7Cstress%7C%22psychological+distress%22%7C%22mental+disorder*%22+%22young+adult*%22%7Cyouth%7C%22college+student*%22%7C%22university+student*%22%7Cadolescent*&hl=en&as_sdt=2007"
213,"AR Wasil, KE Venturo-Conerly, RM Shingleton…","A review of popular smartphone apps for depression and anxiety: assessing the inclusion of evidence-based content",2019,"Behaviour research and …","Elsevier","https://www.sciencedirect.com/science/article/pii/S0005796719301846","https://scholar.google.com/scholar?cites=6685689361970195684&as_sdt=2005&sciodt=2007&hl=en",128,"2026-04-01 00:54:51","","","",,,,,,213,30.43,53,4,7,"… and anxiety have acquired millions of users, yet little is known about whether they include … to which popular mental health applications (MH apps) for depression and anxiety contain …","https://osf.io/preprints/psyarxiv/zp362","https://scholar.google.com/scholar?q=related:5GzXag1XyFwJ:scholar.google.com/&scioq=%22digital+device*%22%7Csmartphone*%7C%22mobile+phone*%22%7C%22screen+time%22%7C%22social+media%22%7C%22internet+use%22%7C%22digital+technolog*%22%7C%22online+activity%22+%22mental+health%22%7Cwellbeing%7C%22well+being%22%7Cdepression%7Canxiety%7Cstress%7C%22psychological+distress%22%7C%22mental+disorder*%22+%22young+adult*%22%7Cyouth%7C%22college+student*%22%7C%22university+student*%22%7Cadolescent*&hl=en&as_sdt=2007"
15,"M Liebherr, A Heyder, J Brailovskaia…","… Digital Media-use Effects (d-MUsE) Model: A comprehensive framework for exploring/studying functional and dysfunctional effects on adolescent wellbeing",2025,"Journal of behavioral …","akjournals.com","https://akjournals.com/view/journals/2006/14/1/article-p100.xml","https://scholar.google.com/scholar?cites=14112317848459901811&as_sdt=2005&sciodt=2007&hl=en",129,"2026-04-01 00:54:51","HTML","","",,,,,,15,15.00,4,4,1,"… A comprehensive review of existing literature was conducted to explore the interplay between digital media use and its effects on child and adolescent well-being. The study employs …","https://akjournals.com/view/journals/2006/14/1/article-p100.xml","https://scholar.google.com/scholar?q=related:c3vbGlAG2cMJ:scholar.google.com/&scioq=%22digital+device*%22%7Csmartphone*%7C%22mobile+phone*%22%7C%22screen+time%22%7C%22social+media%22%7C%22internet+use%22%7C%22digital+technolog*%22%7C%22online+activity%22+%22mental+health%22%7Cwellbeing%7C%22well+being%22%7Cdepression%7Canxiety%7Cstress%7C%22psychological+distress%22%7C%22mental+disorder*%22+%22young+adult*%22%7Cyouth%7C%22college+student*%22%7C%22university+student*%22%7Cadolescent*&hl=en&as_sdt=2007"
10,"A Mason, T Winter, BC Riordan, MD Griffiths, D Scarf","Evaluation of the English version of the Smartphone Application-Based Addiction Scale (SABAS) among an adolescent sample",2022,"Psych","mdpi.com","https://www.mdpi.com/2624-8611/4/4/71","https://scholar.google.com/scholar?cites=14816188470942786066&as_sdt=2005&sciodt=2007&hl=en",130,"2026-04-01 00:54:51","HTML","","",,,,,,10,2.50,2,5,4,"… A total of 1031 students completed all questions related to smartphone use and symptoms of depression and anxiety and were used in the current analysis. A further 832 students (from …","https://www.mdpi.com/2624-8611/4/4/71","https://scholar.google.com/scholar?q=related:EmLIL-qsnc0J:scholar.google.com/&scioq=%22digital+device*%22%7Csmartphone*%7C%22mobile+phone*%22%7C%22screen+time%22%7C%22social+media%22%7C%22internet+use%22%7C%22digital+technolog*%22%7C%22online+activity%22+%22mental+health%22%7Cwellbeing%7C%22well+being%22%7Cdepression%7Canxiety%7Cstress%7C%22psychological+distress%22%7C%22mental+disorder*%22+%22young+adult*%22%7Cyouth%7C%22college+student*%22%7C%22university+student*%22%7Cadolescent*&hl=en&as_sdt=2007"
6,"J Ban, D Kim","Structural relationship among aggression, depression, smartphone dependency, and cyberbullying perpetration",2024,"Children and Youth Services Review","Elsevier","https://www.sciencedirect.com/science/article/pii/S0190740924005486","https://scholar.google.com/scholar?cites=2550179444569952796&as_sdt=2005&sciodt=2007&hl=en",131,"2026-04-01 00:54:51","","","",,,,,,6,3.00,3,2,2,"This study aims to examine the structural relationship between aggression, depression, smartphone dependency, and cyberbullying perpetration in youth and explores gender …","","https://scholar.google.com/scholar?q=related:HFIYg7EOZCMJ:scholar.google.com/&scioq=%22digital+device*%22%7Csmartphone*%7C%22mobile+phone*%22%7C%22screen+time%22%7C%22social+media%22%7C%22internet+use%22%7C%22digital+technolog*%22%7C%22online+activity%22+%22mental+health%22%7Cwellbeing%7C%22well+being%22%7Cdepression%7Canxiety%7Cstress%7C%22psychological+distress%22%7C%22mental+disorder*%22+%22young+adult*%22%7Cyouth%7C%22college+student*%22%7C%22university+student*%22%7Cadolescent*&hl=en&as_sdt=2007"
471,"S Thomée","Mobile phone use and mental health. A review of the research that takes a psychological perspective on exposure",2018,"International journal of environmental research and …","mdpi.com","https://www.mdpi.com/1660-4601/15/12/2692","https://scholar.google.com/scholar?cites=17075653057462786699&as_sdt=2005&sciodt=2007&hl=en",132,"2026-04-01 00:54:51","HTML","","",,,,,,471,58.88,471,1,8,"… One third of the studies included children or youth. A majority of adult populations consisted … , smartphone use on the weekends was negatively associated with mental well-being, while …","https://www.mdpi.com/1660-4601/15/12/2692","https://scholar.google.com/scholar?q=related:i9rhLfzn-OwJ:scholar.google.com/&scioq=%22digital+device*%22%7Csmartphone*%7C%22mobile+phone*%22%7C%22screen+time%22%7C%22social+media%22%7C%22internet+use%22%7C%22digital+technolog*%22%7C%22online+activity%22+%22mental+health%22%7Cwellbeing%7C%22well+being%22%7Cdepression%7Canxiety%7Cstress%7C%22psychological+distress%22%7C%22mental+disorder*%22+%22young+adult*%22%7Cyouth%7C%22college+student*%22%7C%22university+student*%22%7Cadolescent*&hl=en&as_sdt=2007"
3,"B Colak","Special Topic: Potential Harms of Excessive Social Media and Smartphone Use on Youth Mental Health",2024,"Pediatric Nonadherence: A Solutions Based Approach","Springer","https://link.springer.com/chapter/10.1007/978-3-031-58141-0_4","https://scholar.google.com/scholar?cites=16511887162463496998&as_sdt=2005&sciodt=2007&hl=en",133,"2026-04-01 00:54:51","","10.1007/978-3-031-58141-0_4","",,,,,,3,1.50,3,1,2,"… of worsened mental health outcomes associated with younger age of smartphone ownership… advisory on Social Media and Youth Mental Health, which are cited throughout this chapter. …","","https://scholar.google.com/scholar?q=related:Jiv4-eMBJuUJ:scholar.google.com/&scioq=%22digital+device*%22%7Csmartphone*%7C%22mobile+phone*%22%7C%22screen+time%22%7C%22social+media%22%7C%22internet+use%22%7C%22digital+technolog*%22%7C%22online+activity%22+%22mental+health%22%7Cwellbeing%7C%22well+being%22%7Cdepression%7Canxiety%7Cstress%7C%22psychological+distress%22%7C%22mental+disorder*%22+%22young+adult*%22%7Cyouth%7C%22college+student*%22%7C%22university+student*%22%7Cadolescent*&hl=en&as_sdt=2007"
1,"X Liu, L Huang, CM Ward Mclntosh…","Association between smartphone attachment and mental health in adolescents",2025,"… and Adolescent …","Wiley Online Library","https://onlinelibrary.wiley.com/doi/abs/10.1111/jcap.70030","https://scholar.google.com/scholar?cites=17964452761830547147&as_sdt=2005&sciodt=2007&hl=en",134,"2026-04-01 00:54:51","","10.1111/jcap.70030","",,,,,,1,1.00,0,4,1,"… adolescent smartphone attachment, including emotional and behavioral attachments, and self-reported anxiety … The focus on smartphone attachment rather than screentime marks a …","https://onlinelibrary.wiley.com/doi/pdf/10.1111/jcap.70030","https://scholar.google.com/scholar?q=related:y94xbZuOTvkJ:scholar.google.com/&scioq=%22digital+device*%22%7Csmartphone*%7C%22mobile+phone*%22%7C%22screen+time%22%7C%22social+media%22%7C%22internet+use%22%7C%22digital+technolog*%22%7C%22online+activity%22+%22mental+health%22%7Cwellbeing%7C%22well+being%22%7Cdepression%7Canxiety%7Cstress%7C%22psychological+distress%22%7C%22mental+disorder*%22+%22young+adult*%22%7Cyouth%7C%22college+student*%22%7C%22university+student*%22%7Cadolescent*&hl=en&as_sdt=2007"
1311,"J Firth, J Torous, J Nicholas, R Carney…","The efficacy of smartphone‐based mental health interventions for depressive symptoms: a meta‐analysis of randomized controlled trials",2017,"World …","Wiley Online Library","https://onlinelibrary.wiley.com/doi/abs/10.1002/wps.20472","https://scholar.google.com/scholar?cites=11061099662114938156&as_sdt=2005&sciodt=2007&hl=en",135,"2026-04-01 00:54:51","","10.1002/wps.20472","",,,,,,1311,145.67,262,5,9,"… effects of smartphone interventions on primary depression, comorbid depression and subclinical … Reid et al 40 Youth mental health patients 68,46 18 2 to 4 weeks of MobileType (app …","https://onlinelibrary.wiley.com/doi/pdf/10.1002/wps.20472","https://scholar.google.com/scholar?q=related:LN2N2YnrgJkJ:scholar.google.com/&scioq=%22digital+device*%22%7Csmartphone*%7C%22mobile+phone*%22%7C%22screen+time%22%7C%22social+media%22%7C%22internet+use%22%7C%22digital+technolog*%22%7C%22online+activity%22+%22mental+health%22%7Cwellbeing%7C%22well+being%22%7Cdepression%7Canxiety%7Cstress%7C%22psychological+distress%22%7C%22mental+disorder*%22+%22young+adult*%22%7Cyouth%7C%22college+student*%22%7C%22university+student*%22%7Cadolescent*&hl=en&as_sdt=2007"
157,"A Pera","The psychology of addictive smartphone behavior in young adults: Problematic use, social anxiety, and depressive stress",2020,"Frontiers in psychiatry","frontiersin.org","https://www.frontiersin.org/journals/psychiatry/articles/10.3389/fpsyt.2020.573473/full","https://scholar.google.com/scholar?cites=5614120141055121057&as_sdt=2005&sciodt=2007&hl=en",136,"2026-04-01 00:54:51","HTML","10.3389/fpsyt.2020.573473","",,,,,,157,26.17,157,1,6,"… Perceived stress is positively associated with adolescent smartphone overuse. Self-regulation mediates the association between perceived stress and smartphone addiction. The direct …","https://www.frontiersin.org/journals/psychiatry/articles/10.3389/fpsyt.2020.573473/full","https://scholar.google.com/scholar?q=related:odb0_YVc6U0J:scholar.google.com/&scioq=%22digital+device*%22%7Csmartphone*%7C%22mobile+phone*%22%7C%22screen+time%22%7C%22social+media%22%7C%22internet+use%22%7C%22digital+technolog*%22%7C%22online+activity%22+%22mental+health%22%7Cwellbeing%7C%22well+being%22%7Cdepression%7Canxiety%7Cstress%7C%22psychological+distress%22%7C%22mental+disorder*%22+%22young+adult*%22%7Cyouth%7C%22college+student*%22%7C%22university+student*%22%7Cadolescent*&hl=en&as_sdt=2007"
164,"CL Odgers, SM Schueller, M Ito","Screen time, social media use, and adolescent development",2020,"Annual Review of …","annualreviews.org","https://www.annualreviews.org/content/journals/10.1146/annurev-devpsych-121318-084815","https://scholar.google.com/scholar?cites=9168235564870670458&as_sdt=2005&sciodt=2007&hl=en",137,"2026-04-01 00:54:51","","10.1146/annurev-devpsych-121318-084815","",,,,,,164,27.33,55,3,6,"… technology and adolescents’ mental health. In this section of … for tech effects on adolescent mental health are described—… smartphone apps marketed for child and adolescent anxiety: …","","https://scholar.google.com/scholar?q=related:ehg4vasdPH8J:scholar.google.com/&scioq=%22digital+device*%22%7Csmartphone*%7C%22mobile+phone*%22%7C%22screen+time%22%7C%22social+media%22%7C%22internet+use%22%7C%22digital+technolog*%22%7C%22online+activity%22+%22mental+health%22%7Cwellbeing%7C%22well+being%22%7Cdepression%7Canxiety%7Cstress%7C%22psychological+distress%22%7C%22mental+disorder*%22+%22young+adult*%22%7Cyouth%7C%22college+student*%22%7C%22university+student*%22%7Cadolescent*&hl=en&as_sdt=2007"
35,"S Nagamitsu, A Kanie, K Sakashita…","Adolescent health promotion interventions using well-care visits and a smartphone cognitive behavioral therapy app: randomized controlled trial",2022,"JMIR mHealth and …","mhealth.jmir.org","https://mhealth.jmir.org/2022/5/e34154/v10i5e34154","https://scholar.google.com/scholar?cites=12339950248187001732&as_sdt=2005&sciodt=2007&hl=en",138,"2026-04-01 00:54:51","HTML","","",,,,,,35,8.75,9,4,4,"… focused on smartphone apps for adolescents’ mental health, … of apps for adolescent mental health services. In addition, a … 5 window panels of the smartphone app in this study could …","https://mhealth.jmir.org/2022/5/e34154/v10i5e34154","https://scholar.google.com/scholar?q=related:hPst8V5PQKsJ:scholar.google.com/&scioq=%22digital+device*%22%7Csmartphone*%7C%22mobile+phone*%22%7C%22screen+time%22%7C%22social+media%22%7C%22internet+use%22%7C%22digital+technolog*%22%7C%22online+activity%22+%22mental+health%22%7Cwellbeing%7C%22well+being%22%7Cdepression%7Canxiety%7Cstress%7C%22psychological+distress%22%7C%22mental+disorder*%22+%22young+adult*%22%7Cyouth%7C%22college+student*%22%7C%22university+student*%22%7Cadolescent*&hl=en&as_sdt=2007"
36,"SD Tekkam, S Bala, H Pandve","Consequence of phubbing on psychological distress among the youth of Hyderabad",2020,"Medical Journal of Dr. DY Patil …","journals.lww.com","https://journals.lww.com/mjdy/fulltext/2020/13060/consequence_of_phubbing_on_psychological_distress.17.aspx","https://scholar.google.com/scholar?cites=1698699929382243808&as_sdt=2005&sciodt=2007&hl=en",139,"2026-04-01 00:54:51","HTML","","",,,,,,36,6.00,12,3,6,"… The youth are more prone toward smartphone addiction which has been explained in the meta-analytic study done by Davey and Davey, where it ranges from 39% to 44% in Indian …","https://journals.lww.com/mjdy/fulltext/2020/13060/consequence_of_phubbing_on_psychological_distress.17.aspx","https://scholar.google.com/scholar?q=related:4E3P7pX-khcJ:scholar.google.com/&scioq=%22digital+device*%22%7Csmartphone*%7C%22mobile+phone*%22%7C%22screen+time%22%7C%22social+media%22%7C%22internet+use%22%7C%22digital+technolog*%22%7C%22online+activity%22+%22mental+health%22%7Cwellbeing%7C%22well+being%22%7Cdepression%7Canxiety%7Cstress%7C%22psychological+distress%22%7C%22mental+disorder*%22+%22young+adult*%22%7Cyouth%7C%22college+student*%22%7C%22university+student*%22%7Cadolescent*&hl=en&as_sdt=2007"
287,"JM Twenge","Why increases in adolescent depression may be linked to the technological environment",2020,"Current opinion in psychology","Elsevier","https://www.sciencedirect.com/science/article/pii/S2352250X19300880","https://scholar.google.com/scholar?cites=7264717050829053905&as_sdt=2005&sciodt=2007&hl=en",140,"2026-04-01 00:54:51","","","",,,,,,287,47.83,287,1,6,"… Smartphone use and low well-being … , adolescent well-being declined significantly between 2011 and 2018, with declines in happiness and life satisfaction and increases in depression …","","https://scholar.google.com/scholar?q=related:0Z9j6Kp10WQJ:scholar.google.com/&scioq=%22digital+device*%22%7Csmartphone*%7C%22mobile+phone*%22%7C%22screen+time%22%7C%22social+media%22%7C%22internet+use%22%7C%22digital+technolog*%22%7C%22online+activity%22+%22mental+health%22%7Cwellbeing%7C%22well+being%22%7Cdepression%7Canxiety%7Cstress%7C%22psychological+distress%22%7C%22mental+disorder*%22+%22young+adult*%22%7Cyouth%7C%22college+student*%22%7C%22university+student*%22%7Cadolescent*&hl=en&as_sdt=2007"
107,"M Adorjan, R Ricciardelli","Smartphone and social media addiction: Exploring the perceptions and experiences of Canadian teenagers",2021,"Canadian Review of Sociology …","Wiley Online Library","https://onlinelibrary.wiley.com/doi/abs/10.1111/cars.12319","https://scholar.google.com/scholar?cites=13906068093418199527&as_sdt=2005&sciodt=2007&hl=en",141,"2026-04-01 00:54:51","","10.1111/cars.12319","",,,,,,107,21.40,54,2,5,"… of studies point to more mundane, everyday risks to youth mental health tied to cyber-risk, including those of depression, anxiety, sleep deprivation, and poor academic performance (…","https://ucalgary.scholaris.ca/bitstreams/8cbc92e3-0f71-4733-ab05-bb59cf7e4d70/download","https://scholar.google.com/scholar?q=related:59mV4kBH_MAJ:scholar.google.com/&scioq=%22digital+device*%22%7Csmartphone*%7C%22mobile+phone*%22%7C%22screen+time%22%7C%22social+media%22%7C%22internet+use%22%7C%22digital+technolog*%22%7C%22online+activity%22+%22mental+health%22%7Cwellbeing%7C%22well+being%22%7Cdepression%7Canxiety%7Cstress%7C%22psychological+distress%22%7C%22mental+disorder*%22+%22young+adult*%22%7Cyouth%7C%22college+student*%22%7C%22university+student*%22%7Cadolescent*&hl=en&as_sdt=2007"
64,"Y Park, S Lee","Gender differences in smartphone addiction and depression among Korean adolescents: Focusing on the internal mechanisms of attention deficit and self-control",2022,"Computers in Human Behavior","Elsevier","https://www.sciencedirect.com/science/article/pii/S0747563222002229","https://scholar.google.com/scholar?cites=9782229820461903447&as_sdt=2005&sciodt=2007&hl=en",142,"2026-04-01 00:54:51","","","",,,,,,64,16.00,32,2,4,"… smartphone addiction and depression. Data were drawn from the 6th panel data of the Korean Children and Youth … Results of multi-group path analysis demonstrate that (a) smartphone …","","https://scholar.google.com/scholar?q=related:V27ddzF2wYcJ:scholar.google.com/&scioq=%22digital+device*%22%7Csmartphone*%7C%22mobile+phone*%22%7C%22screen+time%22%7C%22social+media%22%7C%22internet+use%22%7C%22digital+technolog*%22%7C%22online+activity%22+%22mental+health%22%7Cwellbeing%7C%22well+being%22%7Cdepression%7Canxiety%7Cstress%7C%22psychological+distress%22%7C%22mental+disorder*%22+%22young+adult*%22%7Cyouth%7C%22college+student*%22%7C%22university+student*%22%7Cadolescent*&hl=en&as_sdt=2007"
190,"M Kara, K Baytemir, F Inceman-Kara","Duration of daily smartphone usage as an antecedent of nomophobia: Exploring multiple mediation of loneliness and anxiety",2021,"Behaviour &Information …","Taylor &Francis","https://www.tandfonline.com/doi/abs/10.1080/0144929X.2019.1673485","https://scholar.google.com/scholar?cites=17732448643351721450&as_sdt=2005&sciodt=2007&hl=en",143,"2026-04-01 00:54:51","","10.1080/0144929X.2019.1673485","",,,,,,190,38.00,63,3,5,"… from 274 adolescent smartphone users … smartphone usage, loneliness, anxiety, and nomophobia. Additionally, both the single and multiple mediation effects of loneliness and anxiety in …","","https://scholar.google.com/scholar?q=related:6jXWMBdQFvYJ:scholar.google.com/&scioq=%22digital+device*%22%7Csmartphone*%7C%22mobile+phone*%22%7C%22screen+time%22%7C%22social+media%22%7C%22internet+use%22%7C%22digital+technolog*%22%7C%22online+activity%22+%22mental+health%22%7Cwellbeing%7C%22well+being%22%7Cdepression%7Canxiety%7Cstress%7C%22psychological+distress%22%7C%22mental+disorder*%22+%22young+adult*%22%7Cyouth%7C%22college+student*%22%7C%22university+student*%22%7Cadolescent*&hl=en&as_sdt=2007"
0,"K Haider, J Schwab, A Hoenigl, E Humer…","Temporal dynamics of smartphone use reduction and its association with sleep quality, stress, and well-being",2025,"… Adolescence and Youth","Taylor &Francis","https://www.tandfonline.com/doi/abs/10.1080/02673843.2025.2573641%4010.1080/tfocoll.2026.0.issue-youth-digital-media","",144,"2026-04-01 00:54:51","","10.1080/02673843.2025.2573641%4010.1080/tfocoll.2026.0.issue-youth-digital-media","",,,,,,0,0.00,0,5,1,"… to poorer mental health. This study examined the temporal dynamics of smartphone screen time reduction and its association with sleep quality, stress, and well-being. Participants …","https://www.tandfonline.com/doi/pdf/10.1080/02673843.2025.2573641%4010.1080/tfocoll.2026.0.issue-youth-digital-media","https://scholar.google.com/scholar?q=related:qZKXSdvYsW0J:scholar.google.com/&scioq=%22digital+device*%22%7Csmartphone*%7C%22mobile+phone*%22%7C%22screen+time%22%7C%22social+media%22%7C%22internet+use%22%7C%22digital+technolog*%22%7C%22online+activity%22+%22mental+health%22%7Cwellbeing%7C%22well+being%22%7Cdepression%7Canxiety%7Cstress%7C%22psychological+distress%22%7C%22mental+disorder*%22+%22young+adult*%22%7Cyouth%7C%22college+student*%22%7C%22university+student*%22%7Cadolescent*&hl=en&as_sdt=2007"
73,"NE Wade, JM Ortigara, RM Sullivan, RL Tomko…","Passive sensing of preteens' smartphone use: An Adolescent Brain Cognitive Development (ABCD) cohort substudy",2021,"… mental health","mental.jmir.org","https://mental.jmir.org/2021/10/e29426","https://scholar.google.com/scholar?cites=11283711996383391021&as_sdt=2005&sciodt=2007&hl=en",145,"2026-04-01 00:54:51","HTML","","",,,,,,73,14.60,15,5,5,"… It has been argued that current concerns about youth smartphone use and its … type of smartphone-based screen use on psychological functioning and brain development in youth [14]. …","https://mental.jmir.org/2021/10/e29426","https://scholar.google.com/scholar?q=related:Le0-7EbMl5wJ:scholar.google.com/&scioq=%22digital+device*%22%7Csmartphone*%7C%22mobile+phone*%22%7C%22screen+time%22%7C%22social+media%22%7C%22internet+use%22%7C%22digital+technolog*%22%7C%22online+activity%22+%22mental+health%22%7Cwellbeing%7C%22well+being%22%7Cdepression%7Canxiety%7Cstress%7C%22psychological+distress%22%7C%22mental+disorder*%22+%22young+adult*%22%7Cyouth%7C%22college+student*%22%7C%22university+student*%22%7Cadolescent*&hl=en&as_sdt=2007"
3,"R Manzoor, S Akhtar","Unwilling the smartphone addiction, fear of missing out and mental health issues in youth",2024,"Journal of Asian Development Studies","poverty.com.pk","https://poverty.com.pk/index.php/Journal/article/view/668","https://scholar.google.com/scholar?cites=9722963014571301847&as_sdt=2005&sciodt=2007&hl=en",146,"2026-04-01 00:54:51","","","",,,,,,3,1.50,2,2,2,"… differences in smartphone addiction, Fear of missing out and mental health issues … for youth to understand how smartphone addiction is linked to fear of missing out and mental health …","https://poverty.com.pk/index.php/Journal/article/download/668/578","https://scholar.google.com/scholar?q=related:15vI51jn7oYJ:scholar.google.com/&scioq=%22digital+device*%22%7Csmartphone*%7C%22mobile+phone*%22%7C%22screen+time%22%7C%22social+media%22%7C%22internet+use%22%7C%22digital+technolog*%22%7C%22online+activity%22+%22mental+health%22%7Cwellbeing%7C%22well+being%22%7Cdepression%7Canxiety%7Cstress%7C%22psychological+distress%22%7C%22mental+disorder*%22+%22young+adult*%22%7Cyouth%7C%22college+student*%22%7C%22university+student*%22%7Cadolescent*&hl=en&as_sdt=2007"
3,"K Krishnamurthy, A Bharatha, S Mehta…","Navigating the Digital Dilemma: Internet and Smartphone Addiction among Children and Adolescents",2026,"Advances in Human …","journals.lww.com","https://journals.lww.com/adhb/fulltext/2026/01000/navigating_the_digital_dilemma__internet_and.4.aspx","https://scholar.google.com/scholar?cites=2966810376044304350&as_sdt=2005&sciodt=2007&hl=en",147,"2026-04-01 00:54:51","HTML","","",,,,,,3,3.00,1,4,1,"… [ 49 , 50 ] Professional guidance can help young persons cope with the underlying causes and consequences of smartphone addiction, such as stress, depression, anxiety, low self-…","https://journals.lww.com/adhb/fulltext/2026/01000/navigating_the_digital_dilemma__internet_and.4.aspx","https://scholar.google.com/scholar?q=related:3lcQdFE6LCkJ:scholar.google.com/&scioq=%22digital+device*%22%7Csmartphone*%7C%22mobile+phone*%22%7C%22screen+time%22%7C%22social+media%22%7C%22internet+use%22%7C%22digital+technolog*%22%7C%22online+activity%22+%22mental+health%22%7Cwellbeing%7C%22well+being%22%7Cdepression%7Canxiety%7Cstress%7C%22psychological+distress%22%7C%22mental+disorder*%22+%22young+adult*%22%7Cyouth%7C%22college+student*%22%7C%22university+student*%22%7Cadolescent*&hl=en&as_sdt=2007"
10,"J Tingley, I Greenhalgh…","Technology matters: BlueIce–using a smartphone app to beat adolescent self‐harm",2020,"… adolescent mental health","Wiley Online Library","https://acamh.onlinelibrary.wiley.com/doi/abs/10.1111/camh.12397","https://scholar.google.com/scholar?cites=4408063572778943261&as_sdt=2005&sciodt=2007&hl=en",148,"2026-04-01 00:54:51","","10.1111/camh.12397","",,,,,,10,1.67,3,3,6,"… Young people (aged 12–17) attending specialist child and adolescent mental health services with … reductions in symptoms of anxiety and low mood. Beating Adolescent Self-Harm trial …","","https://scholar.google.com/scholar?q=related:HQPU6naWLD0J:scholar.google.com/&scioq=%22digital+device*%22%7Csmartphone*%7C%22mobile+phone*%22%7C%22screen+time%22%7C%22social+media%22%7C%22internet+use%22%7C%22digital+technolog*%22%7C%22online+activity%22+%22mental+health%22%7Cwellbeing%7C%22well+being%22%7Cdepression%7Canxiety%7Cstress%7C%22psychological+distress%22%7C%22mental+disorder*%22+%22young+adult*%22%7Cyouth%7C%22college+student*%22%7C%22university+student*%22%7Cadolescent*&hl=en&as_sdt=2007"
317,"RMS Santos, CG Mendes, GY Sen Bressani…","The associations between screen time and mental health in adolescents: a systematic review",2023,"BMC psychology","Springer","https://link.springer.com/article/10.1186/s40359-023-01166-7?trk=public_post_comment-text&utm_source=chatgpt.com","https://scholar.google.com/scholar?cites=16541177161216214906&as_sdt=2005&sciodt=2007&hl=en",149,"2026-04-01 00:54:51","HTML","10.1186/s40359-023-01166-7","",,,,,,317,105.67,79,4,3,"… done to understand the association between screen time and adolescent’s mental health. … the smartphone and the use on weekdays was associated with diminished mental well-being. …","https://link.springer.com/article/10.1186/s40359-023-01166-7?trk=public_post_comment-text&utm_source=chatgpt.com","https://scholar.google.com/scholar?q=related:escYPf0QjuUJ:scholar.google.com/&scioq=%22digital+device*%22%7Csmartphone*%7C%22mobile+phone*%22%7C%22screen+time%22%7C%22social+media%22%7C%22internet+use%22%7C%22digital+technolog*%22%7C%22online+activity%22+%22mental+health%22%7Cwellbeing%7C%22well+being%22%7Cdepression%7Canxiety%7Cstress%7C%22psychological+distress%22%7C%22mental+disorder*%22+%22young+adult*%22%7Cyouth%7C%22college+student*%22%7C%22university+student*%22%7Cadolescent*&hl=en&as_sdt=2007"
37,"M Azam, A Ali, J Mattiullah…","Physical activity, sports participation, and smartphone addiction in adolescent students: A systematic review",2020,"Journal of Evidence …","jebp.psychotherapy.ro","http://jebp.psychotherapy.ro/wp-content/uploads/2022/01/JEBP-FR-180966-PUBLISHED.pdf","https://scholar.google.com/scholar?cites=7766960334276542973&as_sdt=2005&sciodt=2007&hl=en",150,"2026-04-01 00:54:51","PDF","","",,,,,,37,6.17,9,4,6,"… institutions that may help preventing adolescent students from smartphone addiction. … are related to a higher risk of smartphone addiction (ie, anxiety, depression, low self-esteem and …","http://jebp.psychotherapy.ro/wp-content/uploads/2022/01/JEBP-FR-180966-PUBLISHED.pdf","https://scholar.google.com/scholar?q=related:_UEa3UXJyWsJ:scholar.google.com/&scioq=%22digital+device*%22%7Csmartphone*%7C%22mobile+phone*%22%7C%22screen+time%22%7C%22social+media%22%7C%22internet+use%22%7C%22digital+technolog*%22%7C%22online+activity%22+%22mental+health%22%7Cwellbeing%7C%22well+being%22%7Cdepression%7Canxiety%7Cstress%7C%22psychological+distress%22%7C%22mental+disorder*%22+%22young+adult*%22%7Cyouth%7C%22college+student*%22%7C%22university+student*%22%7Cadolescent*&hl=en&as_sdt=2007"
53,"P Wang, L Lei","How does problematic smartphone use impair adolescent self-esteem? A moderated mediation analysis",2021,"Current Psychology","Springer","https://link.springer.com/article/10.1007/s12144-019-00232-x","https://scholar.google.com/scholar?cites=5359502972717487682&as_sdt=2005&sciodt=2007&hl=en",151,"2026-04-01 00:54:51","","10.1007/s12144-019-00232-x","",,,,,,53,10.60,27,2,5,"… Although this may focus on exploring the influence of problematic smartphone use on adolescent well-being. However, this can also limit the generalization of the findings. For example, …","","https://scholar.google.com/scholar?q=related:QtZ5zY7HYEoJ:scholar.google.com/&scioq=%22digital+device*%22%7Csmartphone*%7C%22mobile+phone*%22%7C%22screen+time%22%7C%22social+media%22%7C%22internet+use%22%7C%22digital+technolog*%22%7C%22online+activity%22+%22mental+health%22%7Cwellbeing%7C%22well+being%22%7Cdepression%7Canxiety%7Cstress%7C%22psychological+distress%22%7C%22mental+disorder*%22+%22young+adult*%22%7Cyouth%7C%22college+student*%22%7C%22university+student*%22%7Cadolescent*&hl=en&as_sdt=2007"
4,"MDF Ahmed, M Shahariar, FI Shila, JR Banik…","Assessing the relationships between Nomophobia, psychological well-being, and insomnia in Bangladeshi youth",2025,"Journal of Public …","Springer","https://link.springer.com/article/10.1007/s10389-025-02508-y","https://scholar.google.com/scholar?cites=10237968734000199229&as_sdt=2005&sciodt=2007&hl=en",152,"2026-04-01 00:54:51","","10.1007/s10389-025-02508-y","",,,,,,4,4.00,1,5,1,"… psychological well-being and sleep among Bangladeshi youth, emphasizing the need for public health interventions. Strategies such as a reduction in smartphone usage, mental health …","","https://scholar.google.com/scholar?q=related:PTajC1KSFI4J:scholar.google.com/&scioq=%22digital+device*%22%7Csmartphone*%7C%22mobile+phone*%22%7C%22screen+time%22%7C%22social+media%22%7C%22internet+use%22%7C%22digital+technolog*%22%7C%22online+activity%22+%22mental+health%22%7Cwellbeing%7C%22well+being%22%7Cdepression%7Canxiety%7Cstress%7C%22psychological+distress%22%7C%22mental+disorder*%22+%22young+adult*%22%7Cyouth%7C%22college+student*%22%7C%22university+student*%22%7Cadolescent*&hl=en&as_sdt=2007"
68,"Q Gao, E Fu, Y Xiang, G Jia, S Wu","Self-esteem and addictive smartphone use: The mediator role of anxiety and the moderator role of self-control",2021,"Children and Youth Services Review","Elsevier","https://www.sciencedirect.com/science/article/pii/S0190740921000694","https://scholar.google.com/scholar?cites=7458089028256521941&as_sdt=2005&sciodt=2007&hl=en",153,"2026-04-01 00:54:51","","","",,,,,,68,13.60,14,5,5,"… anxiety, which is related to less addictive smartphone use. Moreover, the protective effect of self-esteem against anxiety … would not prevent addictive smartphone use in all adolescents. …","","https://scholar.google.com/scholar?q=related:1d534HR0gGcJ:scholar.google.com/&scioq=%22digital+device*%22%7Csmartphone*%7C%22mobile+phone*%22%7C%22screen+time%22%7C%22social+media%22%7C%22internet+use%22%7C%22digital+technolog*%22%7C%22online+activity%22+%22mental+health%22%7Cwellbeing%7C%22well+being%22%7Cdepression%7Canxiety%7Cstress%7C%22psychological+distress%22%7C%22mental+disorder*%22+%22young+adult*%22%7Cyouth%7C%22college+student*%22%7C%22university+student*%22%7Cadolescent*&hl=en&as_sdt=2007"
16,"RFS Ramos, A Scatena, HS Kim, WA de Oliveira…","Brazilian digital warriors: Unraveling the nexus of adolescent cyber aggressors, problematic internet &smartphone use, emotional struggles, and parental mediation",2025,"Trends in …","Springer","https://link.springer.com/article/10.1007/s43076-023-00338-z","https://scholar.google.com/scholar?cites=1822097016697164013&as_sdt=2005&sciodt=2007&hl=en",154,"2026-04-01 00:54:51","","10.1007/s43076-023-00338-z","",,,,,,16,16.00,3,5,1,"… Regarding emotional problems, particularly depression, our findings align with previous research indicating that CBAs experience significant emotional distress (Geng &Lei, 2021; Hu …","","https://scholar.google.com/scholar?q=related:7ZCIMpVjSRkJ:scholar.google.com/&scioq=%22digital+device*%22%7Csmartphone*%7C%22mobile+phone*%22%7C%22screen+time%22%7C%22social+media%22%7C%22internet+use%22%7C%22digital+technolog*%22%7C%22online+activity%22+%22mental+health%22%7Cwellbeing%7C%22well+being%22%7Cdepression%7Canxiety%7Cstress%7C%22psychological+distress%22%7C%22mental+disorder*%22+%22young+adult*%22%7Cyouth%7C%22college+student*%22%7C%22university+student*%22%7Cadolescent*&hl=en&as_sdt=2007"
343,"SG Kim, J Park, HT Kim, Z Pan, Y Lee…","The relationship between smartphone addiction and symptoms of depression, anxiety, and attention-deficit/hyperactivity in South Korean adolescents",2019,"Annals of general …","Springer","https://link.springer.com/article/10.1186/s12991-019-0224-8","https://scholar.google.com/scholar?cites=5037437873292015908&as_sdt=2005&sciodt=2007&hl=en",155,"2026-04-01 00:54:51","HTML","10.1186/s12991-019-0224-8","",,,,,,343,49.00,57,6,7,"… To our knowledge, this is the first large-scale epidemiological study investigating the relationship between ADHD symptoms and smartphone addiction in the adolescent population. …","https://link.springer.com/article/10.1186/s12991-019-0224-8","https://scholar.google.com/scholar?q=related:JHmrZw6T6EUJ:scholar.google.com/&scioq=%22digital+device*%22%7Csmartphone*%7C%22mobile+phone*%22%7C%22screen+time%22%7C%22social+media%22%7C%22internet+use%22%7C%22digital+technolog*%22%7C%22online+activity%22+%22mental+health%22%7Cwellbeing%7C%22well+being%22%7Cdepression%7Canxiety%7Cstress%7C%22psychological+distress%22%7C%22mental+disorder*%22+%22young+adult*%22%7Cyouth%7C%22college+student*%22%7C%22university+student*%22%7Cadolescent*&hl=en&as_sdt=2007"
113,"AR Wasil, S Gillespie, R Patel, A Petre…","Reassessing evidence-based content in popular smartphone apps for depression and anxiety: Developing and applying user-adjusted analyses.",2020,"Journal of Consulting …","psycnet.apa.org","https://psycnet.apa.org/fulltext/2020-65097-001.html","https://scholar.google.com/scholar?cites=17133420806168333722&as_sdt=2005&sciodt=2007&hl=en",156,"2026-04-01 00:54:51","","","",,,,,,113,18.83,23,5,6,"… based content within smartphone apps for depression and anxiety by developing and … youth psychotherapy that these authors surveyed. Next, to supplement elements identified in youth …","https://osf.io/preprints/psyarxiv/y4fkp","https://scholar.google.com/scholar?q=related:mk3zSnIjxu0J:scholar.google.com/&scioq=%22digital+device*%22%7Csmartphone*%7C%22mobile+phone*%22%7C%22screen+time%22%7C%22social+media%22%7C%22internet+use%22%7C%22digital+technolog*%22%7C%22online+activity%22+%22mental+health%22%7Cwellbeing%7C%22well+being%22%7Cdepression%7Canxiety%7Cstress%7C%22psychological+distress%22%7C%22mental+disorder*%22+%22young+adult*%22%7Cyouth%7C%22college+student*%22%7C%22university+student*%22%7Cadolescent*&hl=en&as_sdt=2007"
44,"YS Lee, JH Joo, J Shin, CM Nam, EC Park","Association between smartphone overdependence and generalized anxiety disorder among Korean adolescents",2023,"Journal of affective disorders","Elsevier","https://www.sciencedirect.com/science/article/pii/S0165032722012095","https://scholar.google.com/scholar?cites=9741879614494372965&as_sdt=2005&sciodt=2007&hl=en",157,"2026-04-01 00:54:51","HTML","","",,,,,,44,14.67,9,5,3,"… Youth … anxiety disorder increased when smartphone has negatively affected relationships with friends and colleagues (OR: 2.35, 95 % CI 2.08–2.64). The sensitivity of smartphone …","https://www.sciencedirect.com/science/article/pii/S0165032722012095","https://scholar.google.com/scholar?q=related:ZXSOCuUbMocJ:scholar.google.com/&scioq=%22digital+device*%22%7Csmartphone*%7C%22mobile+phone*%22%7C%22screen+time%22%7C%22social+media%22%7C%22internet+use%22%7C%22digital+technolog*%22%7C%22online+activity%22+%22mental+health%22%7Cwellbeing%7C%22well+being%22%7Cdepression%7Canxiety%7Cstress%7C%22psychological+distress%22%7C%22mental+disorder*%22+%22young+adult*%22%7Cyouth%7C%22college+student*%22%7C%22university+student*%22%7Cadolescent*&hl=en&as_sdt=2007"
45,"J Liu, Q Chen, J Dang","Examining risk factors related to digital learning and social isolation: Youth visual acuity in COVID-19 pandemic",2021,"Journal of global health","pmc.ncbi.nlm.nih.gov","https://pmc.ncbi.nlm.nih.gov/articles/PMC8397325/","https://scholar.google.com/scholar?cites=15279381773169147770&as_sdt=2005&sciodt=2007&hl=en",158,"2026-04-01 00:54:51","HTML","","",,,,,,45,9.00,15,3,5,"… psychosocial stress due to social isolation are likely to pose adverse risks for youth visual health … stress, and myopia symptoms among Chinese youth during the COVID-19 pandemic. …","https://pmc.ncbi.nlm.nih.gov/articles/PMC8397325/","https://scholar.google.com/scholar?q=related:ej9T4cREC9QJ:scholar.google.com/&scioq=%22digital+device*%22%7Csmartphone*%7C%22mobile+phone*%22%7C%22screen+time%22%7C%22social+media%22%7C%22internet+use%22%7C%22digital+technolog*%22%7C%22online+activity%22+%22mental+health%22%7Cwellbeing%7C%22well+being%22%7Cdepression%7Canxiety%7Cstress%7C%22psychological+distress%22%7C%22mental+disorder*%22+%22young+adult*%22%7Cyouth%7C%22college+student*%22%7C%22university+student*%22%7Cadolescent*&hl=en&as_sdt=2007"
77,"G Catone, VP Senese, S Pisano, M Siciliano…","… Technologies: Interplay and psychopathological risk of nomophobia and cyber-bullying, results from the bullying and youth mental health Naples study (BYMHNS)",2020,"Computers in human …","Elsevier","https://www.sciencedirect.com/science/article/pii/S074756322030248X","https://scholar.google.com/scholar?cites=14079201039727442342&as_sdt=2005&sciodt=2007&hl=en",159,"2026-04-01 00:54:51","","","",,,,,,77,12.83,15,5,6,"Nomophobia and cyber-bullying are of particular interest for their intrinsic interplay. This study aims to describe the association between the two phenomena. The data presented in this …","","https://scholar.google.com/scholar?q=related:prlDNsBeY8MJ:scholar.google.com/&scioq=%22digital+device*%22%7Csmartphone*%7C%22mobile+phone*%22%7C%22screen+time%22%7C%22social+media%22%7C%22internet+use%22%7C%22digital+technolog*%22%7C%22online+activity%22+%22mental+health%22%7Cwellbeing%7C%22well+being%22%7Cdepression%7Canxiety%7Cstress%7C%22psychological+distress%22%7C%22mental+disorder*%22+%22young+adult*%22%7Cyouth%7C%22college+student*%22%7C%22university+student*%22%7Cadolescent*&hl=en&as_sdt=2007"
26,"C Giordano, GL Coco, L Salerno, M Di Blasi","The role of emotion dysregulation in adolescents' problematic smartphone use: A study on adolescent/parents triads",2021,"Computers in Human …","Elsevier","https://www.sciencedirect.com/science/article/pii/S0747563220303794","https://scholar.google.com/scholar?cites=10426714840538378862&as_sdt=2005&sciodt=2007&hl=en",160,"2026-04-01 00:54:51","","","",,,,,,26,5.20,7,4,5,"The pervasive use of mobile phones among adolescents has led researchers to evaluate the role of parental characteristics in connection with their children's problematic smartphone …","https://www.researchgate.net/profile/Marie-Di-Blasi/publication/346019335_The_role_of_emotion_dysregulation_in_adolescents'_problematic_smartphone_use_A_study_on_adolescentparents_triads/links/5fb6448592851c933f3d7785/The-role-of-emotion-dysregulation-in-adolescents-problematic-smartphone-use-A-study-on-adolescent-parents-triads.pdf","https://scholar.google.com/scholar?q=related:bnKVhOchs5AJ:scholar.google.com/&scioq=%22digital+device*%22%7Csmartphone*%7C%22mobile+phone*%22%7C%22screen+time%22%7C%22social+media%22%7C%22internet+use%22%7C%22digital+technolog*%22%7C%22online+activity%22+%22mental+health%22%7Cwellbeing%7C%22well+being%22%7Cdepression%7Canxiety%7Cstress%7C%22psychological+distress%22%7C%22mental+disorder*%22+%22young+adult*%22%7Cyouth%7C%22college+student*%22%7C%22university+student*%22%7Cadolescent*&hl=en&as_sdt=2007"
10,"RP Auerbach, PA Bloom, D Pagliaccio, R Lan…","Using smartphone GPS data to detect the risk of adolescent suicidal thoughts and behaviors",2025,"JAMA Network …","jamanetwork.com","https://jamanetwork.com/journals/jamanetworkopen/article-abstract/2829550","https://scholar.google.com/scholar?cites=16063323018855261816&as_sdt=2005&sciodt=2007&hl=en",161,"2026-04-01 00:54:51","","","",,,,,,10,10.00,2,5,1,"… Given prior work in depression, 11 -13 we hypothesized that greater homestay as well as reduced entropy and distance traveled on a given week would be associated with next-week …","https://jamanetwork.com/journals/jamanetworkopen/fullarticle/2829550","https://scholar.google.com/scholar?q=related:eCY5sy1j7N4J:scholar.google.com/&scioq=%22digital+device*%22%7Csmartphone*%7C%22mobile+phone*%22%7C%22screen+time%22%7C%22social+media%22%7C%22internet+use%22%7C%22digital+technolog*%22%7C%22online+activity%22+%22mental+health%22%7Cwellbeing%7C%22well+being%22%7Cdepression%7Canxiety%7Cstress%7C%22psychological+distress%22%7C%22mental+disorder*%22+%22young+adult*%22%7Cyouth%7C%22college+student*%22%7C%22university+student*%22%7Cadolescent*&hl=en&as_sdt=2007"
10,"WJ Chou, RC Hsiao, CF Yen","Parental efficacy in managing smartphone use of adolescents with attention-deficit/hyperactivity disorder: Parental and adolescent related factors",2022,"International Journal of Environmental …","mdpi.com","https://www.mdpi.com/1660-4601/19/15/9505","https://scholar.google.com/scholar?cites=925437830853726962&as_sdt=2005&sciodt=2007&hl=en",162,"2026-04-01 00:54:51","HTML","","",,,,,,10,2.50,3,3,4,"… We hypothesized that more severe adolescent problematic smartphone use, adolescent ADHD and ODD symptoms and parental depression, and greater overprotective parenting style …","https://www.mdpi.com/1660-4601/19/15/9505","https://scholar.google.com/scholar?q=related:8pK-0c3Q1wwJ:scholar.google.com/&scioq=%22digital+device*%22%7Csmartphone*%7C%22mobile+phone*%22%7C%22screen+time%22%7C%22social+media%22%7C%22internet+use%22%7C%22digital+technolog*%22%7C%22online+activity%22+%22mental+health%22%7Cwellbeing%7C%22well+being%22%7Cdepression%7Canxiety%7Cstress%7C%22psychological+distress%22%7C%22mental+disorder*%22+%22young+adult*%22%7Cyouth%7C%22college+student*%22%7C%22university+student*%22%7Cadolescent*&hl=en&as_sdt=2007"
20,"Q Li, Z Liu","Parental psychological control and adolescent smartphone addiction: roles of reactance and resilience",2025,"BMC psychology","Springer","https://link.springer.com/article/10.1186/s40359-025-02477-7","https://scholar.google.com/scholar?cites=6019427016615351999&as_sdt=2005&sciodt=2007&hl=en",163,"2026-04-01 00:54:51","HTML","10.1186/s40359-025-02477-7","",,,,,,20,20.00,10,2,1,"… a moderating factor in the relationship between parental psychological control and problematic smartphone use, based on the diathesis-stress model and cognitive model of resilience. …","https://link.springer.com/article/10.1186/s40359-025-02477-7","https://scholar.google.com/scholar?q=related:v1a_tPpMiVMJ:scholar.google.com/&scioq=%22digital+device*%22%7Csmartphone*%7C%22mobile+phone*%22%7C%22screen+time%22%7C%22social+media%22%7C%22internet+use%22%7C%22digital+technolog*%22%7C%22online+activity%22+%22mental+health%22%7Cwellbeing%7C%22well+being%22%7Cdepression%7Canxiety%7Cstress%7C%22psychological+distress%22%7C%22mental+disorder*%22+%22young+adult*%22%7Cyouth%7C%22college+student*%22%7C%22university+student*%22%7Cadolescent*&hl=en&as_sdt=2007"
4,"V Capraro, L Globig, Z Rausch, S Rathje, AS Wormley…","A collective review on some potential negative impacts of smartphone and social media use on adolescent mental health: Results from a Delphi process",2025,"","europepmc.org","https://europepmc.org/article/ppr/ppr1021377","https://scholar.google.com/scholar?cites=5410335717524230517&as_sdt=2005&sciodt=2007&hl=en",164,"2026-04-01 00:54:51","","","",,,,,,4,4.00,1,6,1,"… mental health is highly fragmented. To synthesize the evidence, we convened over 120 … : Adolescent mental health has declined in several Western countries; heavy smartphone and …","","https://scholar.google.com/scholar?q=related:ddGjfqtfFUsJ:scholar.google.com/&scioq=%22digital+device*%22%7Csmartphone*%7C%22mobile+phone*%22%7C%22screen+time%22%7C%22social+media%22%7C%22internet+use%22%7C%22digital+technolog*%22%7C%22online+activity%22+%22mental+health%22%7Cwellbeing%7C%22well+being%22%7Cdepression%7Canxiety%7Cstress%7C%22psychological+distress%22%7C%22mental+disorder*%22+%22young+adult*%22%7Cyouth%7C%22college+student*%22%7C%22university+student*%22%7Cadolescent*&hl=en&as_sdt=2007"
6,"M Li, J Patel, TR Katapally","Towards ethical surveillance of smartphone use among youth: exploratory digital citizen science approaches shaping the understanding of ubiquitous technology use",2025,"Technology in Society","Elsevier","https://www.sciencedirect.com/science/article/pii/S0160791X25002027","https://scholar.google.com/scholar?cites=15425215486452629596&as_sdt=2005&sciodt=2007&hl=en",165,"2026-04-01 00:54:51","","","",,,,,,6,6.00,2,3,1,"… accurately capture smartphone use. This … smartphone use among youth and investigate differences between retrospective and objective measurements. Youth self-reported smartphone …","","https://scholar.google.com/scholar?q=related:XADdNcJfEdYJ:scholar.google.com/&scioq=%22digital+device*%22%7Csmartphone*%7C%22mobile+phone*%22%7C%22screen+time%22%7C%22social+media%22%7C%22internet+use%22%7C%22digital+technolog*%22%7C%22online+activity%22+%22mental+health%22%7Cwellbeing%7C%22well+being%22%7Cdepression%7Canxiety%7Cstress%7C%22psychological+distress%22%7C%22mental+disorder*%22+%22young+adult*%22%7Cyouth%7C%22college+student*%22%7C%22university+student*%22%7Cadolescent*&hl=en&as_sdt=2007"
2074,"M Samaha, NS Hawi","Relationships among smartphone addiction, stress, academic performance, and satisfaction with life",2016,"Computers in human behavior","Elsevier","https://www.sciencedirect.com/science/article/pii/S0747563215303162","https://scholar.google.com/scholar?cites=1401374507397718446&as_sdt=2005&sciodt=2007&hl=en",166,"2026-04-01 00:54:51","","","",,,,,,2074,207.40,1037,2,10,"… First, we sought to explore the relationship between smartphone addiction risk and perceived stress, which influences satisfaction with life. Then, we also sought to explore the …","https://mariannefrontinomccreightportfolio.wordpress.com/wp-content/uploads/2016/10/satisfaction-with-life_2016_computers-in-human-behavior.pdf","https://scholar.google.com/scholar?q=related:rqG6jrCuchMJ:scholar.google.com/&scioq=%22digital+device*%22%7Csmartphone*%7C%22mobile+phone*%22%7C%22screen+time%22%7C%22social+media%22%7C%22internet+use%22%7C%22digital+technolog*%22%7C%22online+activity%22+%22mental+health%22%7Cwellbeing%7C%22well+being%22%7Cdepression%7Canxiety%7Cstress%7C%22psychological+distress%22%7C%22mental+disorder*%22+%22young+adult*%22%7Cyouth%7C%22college+student*%22%7C%22university+student*%22%7Cadolescent*&hl=en&as_sdt=2007"
46,"EY Doo, JH Kim","Parental smartphone addiction and adolescent smartphone addiction by negative parenting attitude and adolescent aggression: A cross-sectional study",2022,"Frontiers in public health","frontiersin.org","https://www.frontiersin.org/journals/public-health/articles/10.3389/fpubh.2022.981245/full","https://scholar.google.com/scholar?cites=2980930346063343532&as_sdt=2005&sciodt=2007&hl=en",167,"2026-04-01 00:54:51","HTML","10.3389/fpubh.2022.981245","",,,,,,46,11.50,23,2,4,"Frontiers | Parental smartphone addiction and adolescent smartphone addiction by negative parenting attitude and adolescent aggression: A cross-sectional study Frontiers in Public …","https://www.frontiersin.org/journals/public-health/articles/10.3389/fpubh.2022.981245/full","https://scholar.google.com/scholar?q=related:rK9JKVtkXikJ:scholar.google.com/&scioq=%22digital+device*%22%7Csmartphone*%7C%22mobile+phone*%22%7C%22screen+time%22%7C%22social+media%22%7C%22internet+use%22%7C%22digital+technolog*%22%7C%22online+activity%22+%22mental+health%22%7Cwellbeing%7C%22well+being%22%7Cdepression%7Canxiety%7Cstress%7C%22psychological+distress%22%7C%22mental+disorder*%22+%22young+adult*%22%7Cyouth%7C%22college+student*%22%7C%22university+student*%22%7Cadolescent*&hl=en&as_sdt=2007"
3,"SK Sieberts, AM Burn, EG Carey…","Targeted recruitment and the role of choice in the engagement of youth in a randomised smartphone-based mental health study in India, South Africa, and the …",2023,"Wellcome Open …","wellcomeopenresearch.org","https://wellcomeopenresearch.org/articles/8-334","https://scholar.google.com/scholar?cites=17164186840824509435&as_sdt=2005&sciodt=2007&hl=en",168,"2026-04-01 00:54:51","HTML","","",,,,,,3,1.00,1,4,3,"… to anxiety or depression in 16–24-year-olds. … in a smartphone-based study of mental health. In addition to observing differences by country, reported lived experience with mental health …","https://wellcomeopenresearch.org/articles/8-334","https://scholar.google.com/scholar?q=related:-3PH8f1wM-4J:scholar.google.com/&scioq=%22digital+device*%22%7Csmartphone*%7C%22mobile+phone*%22%7C%22screen+time%22%7C%22social+media%22%7C%22internet+use%22%7C%22digital+technolog*%22%7C%22online+activity%22+%22mental+health%22%7Cwellbeing%7C%22well+being%22%7Cdepression%7Canxiety%7Cstress%7C%22psychological+distress%22%7C%22mental+disorder*%22+%22young+adult*%22%7Cyouth%7C%22college+student*%22%7C%22university+student*%22%7Cadolescent*&hl=en&as_sdt=2007"
378,"E Neophytou, LA Manwell, R Eikelboom","Effects of excessive screen time on neurodevelopment, learning, memory, mental health, and neurodegeneration: A scoping review",2021,"… Journal of Mental Health and …","Springer","https://link.springer.com/article/10.1007/S11469-019-00182-2","https://scholar.google.com/scholar?cites=5018169625404540090&as_sdt=2005&sciodt=2007&hl=en",169,"2026-04-01 00:54:51","","10.1007/S11469-019-00182-2","",,,,,,378,75.60,126,3,5,"… the relationships between smartphone use and (i) neurodevelopment, (ii) mental health, (iii) … explored adolescent (11–17 years old) and young adult (18–25 years old) populations. …","https://www.researchgate.net/profile/Eliana-Neophytou/publication/337961200_Effects_of_Excessive_Screen_Time_on_Neurodevelopment_Learning_Memory_Mental_Health_and_Neurodegeneration_a_Scoping_Review/links/5e6085b0a6fdccbeba1c9934/Effects-of-Excessive-Screen-Time-on-Neurodevelopment-Learning-Memory-Mental-Health-and-Neurodegeneration-a-Scoping-Review.pdf?trk=public_post_comment-text","https://scholar.google.com/scholar?q=related:uoTk2K8epEUJ:scholar.google.com/&scioq=%22digital+device*%22%7Csmartphone*%7C%22mobile+phone*%22%7C%22screen+time%22%7C%22social+media%22%7C%22internet+use%22%7C%22digital+technolog*%22%7C%22online+activity%22+%22mental+health%22%7Cwellbeing%7C%22well+being%22%7Cdepression%7Canxiety%7Cstress%7C%22psychological+distress%22%7C%22mental+disorder*%22+%22young+adult*%22%7Cyouth%7C%22college+student*%22%7C%22university+student*%22%7Cadolescent*&hl=en&as_sdt=2007"
7,"J Firth, M Solmi, J Löchner, S Cortese…","Promoting healthy digital device usage: recommendations for youth and parents",2025,"World …","pmc.ncbi.nlm.nih.gov","https://pmc.ncbi.nlm.nih.gov/articles/PMC11733428/","https://scholar.google.com/scholar?cites=17166543095247592415&as_sdt=2005&sciodt=2007&hl=en",170,"2026-04-01 00:54:51","HTML","","",,,,,,7,7.00,1,5,1,"… not the primary determinant of mental health outcomes 1 , 2 . … is a lack of consensus on how youth can improve the “quality” of … across child and adolescent mental health, social media …","https://pmc.ncbi.nlm.nih.gov/articles/PMC11733428/","https://scholar.google.com/scholar?q=related:39uqLf7PO-4J:scholar.google.com/&scioq=%22digital+device*%22%7Csmartphone*%7C%22mobile+phone*%22%7C%22screen+time%22%7C%22social+media%22%7C%22internet+use%22%7C%22digital+technolog*%22%7C%22online+activity%22+%22mental+health%22%7Cwellbeing%7C%22well+being%22%7Cdepression%7Canxiety%7Cstress%7C%22psychological+distress%22%7C%22mental+disorder*%22+%22young+adult*%22%7Cyouth%7C%22college+student*%22%7C%22university+student*%22%7Cadolescent*&hl=en&as_sdt=2007"
21,"G Lo Coco, L Salerno, C Giordano, M Di Blasi…","Understanding the smartphone generation: is problematic smartphone use associated with low body esteem among adolescent girls and boys?",2022,"Current …","Springer","https://link.springer.com/article/10.1007/s12144-020-00847-5","https://scholar.google.com/scholar?cites=18218415851284370196&as_sdt=2005&sciodt=2007&hl=en",171,"2026-04-01 00:54:51","","10.1007/s12144-020-00847-5","",,,,,,21,5.25,4,5,4,"… smartphone use and psychological distress, … smartphone use in adolescent boys and girls is associated with low appearance and weight esteem, and that targeting smartphone use in …","https://www.academia.edu/download/95916221/s12144-020-00847-520221217-1-1wpiv6o.pdf","https://scholar.google.com/scholar?q=related:FJMmArHQ1PwJ:scholar.google.com/&scioq=%22digital+device*%22%7Csmartphone*%7C%22mobile+phone*%22%7C%22screen+time%22%7C%22social+media%22%7C%22internet+use%22%7C%22digital+technolog*%22%7C%22online+activity%22+%22mental+health%22%7Cwellbeing%7C%22well+being%22%7Cdepression%7Canxiety%7Cstress%7C%22psychological+distress%22%7C%22mental+disorder*%22+%22young+adult*%22%7Cyouth%7C%22college+student*%22%7C%22university+student*%22%7Cadolescent*&hl=en&as_sdt=2007"
89,"L Marciano, CC Driver, PJ Schulz, AL Camerini","Dynamics of adolescents' smartphone use and well-being are positive but ephemeral",2022,"Scientific reports","nature.com","https://www.nature.com/articles/s41598-022-05291-y","https://scholar.google.com/scholar?cites=17436957208871726407&as_sdt=2005&sciodt=2007&hl=en",172,"2026-04-01 00:54:51","HTML","","",,,,,,89,22.25,22,4,4,"… well-being and trace data of smartphone use collected for 45 consecutive days in 82 adolescent … and individual dynamics of well-being and smartphone use. Hierarchical Bayesian …","https://www.nature.com/articles/s41598-022-05291-y","https://scholar.google.com/scholar?q=related:R218TjKE_PEJ:scholar.google.com/&scioq=%22digital+device*%22%7Csmartphone*%7C%22mobile+phone*%22%7C%22screen+time%22%7C%22social+media%22%7C%22internet+use%22%7C%22digital+technolog*%22%7C%22online+activity%22+%22mental+health%22%7Cwellbeing%7C%22well+being%22%7Cdepression%7Canxiety%7Cstress%7C%22psychological+distress%22%7C%22mental+disorder*%22+%22young+adult*%22%7Cyouth%7C%22college+student*%22%7C%22university+student*%22%7Cadolescent*&hl=en&as_sdt=2007"
26,"C Kim, KI Kang, N Lee","Intergenerational transmissions of mother–adolescent smartphone dependency: the mediating role of negative parenting and the moderating role of gender",2020,"… Journal of Environmental Research and Public …","mdpi.com","https://www.mdpi.com/1660-4601/17/16/5871","https://scholar.google.com/scholar?cites=10868483688229361181&as_sdt=2005&sciodt=2007&hl=en",173,"2026-04-01 00:54:51","HTML","","",,,,,,26,4.33,9,3,6,"… Smartphone dependency is associated with other mental health problems such as depression and anxiety [4,5]. If smartphone dependency and associated mental health problems …","https://www.mdpi.com/1660-4601/17/16/5871","https://scholar.google.com/scholar?q=related:HdYJrFSc1JYJ:scholar.google.com/&scioq=%22digital+device*%22%7Csmartphone*%7C%22mobile+phone*%22%7C%22screen+time%22%7C%22social+media%22%7C%22internet+use%22%7C%22digital+technolog*%22%7C%22online+activity%22+%22mental+health%22%7Cwellbeing%7C%22well+being%22%7Cdepression%7Canxiety%7Cstress%7C%22psychological+distress%22%7C%22mental+disorder*%22+%22young+adult*%22%7Cyouth%7C%22college+student*%22%7C%22university+student*%22%7Cadolescent*&hl=en&as_sdt=2007"
239,"D Miller, L Abed Rabho, P Awondo, M de Vries…","The global smartphone: Beyond a youth technology",2021,"","library.oapen.org","https://library.oapen.org/handle/20.500.12657/51795","https://scholar.google.com/scholar?cites=3448786200639711993&as_sdt=2005&sciodt=2007&hl=en",174,"2026-04-01 00:54:51","BOOK","","",,,,,,239,47.80,48,5,5,"… Describing herself as passionately curious about the world, Sato san uses her smartphone to maintain her mental health by doing brain training every day through dedicated apps; she …","https://library.oapen.org/bitstream/handle/20.500.12657/51795/1/9781787359611.pdf","https://scholar.google.com/scholar?q=related:-Spm68aM3C8J:scholar.google.com/&scioq=%22digital+device*%22%7Csmartphone*%7C%22mobile+phone*%22%7C%22screen+time%22%7C%22social+media%22%7C%22internet+use%22%7C%22digital+technolog*%22%7C%22online+activity%22+%22mental+health%22%7Cwellbeing%7C%22well+being%22%7Cdepression%7Canxiety%7Cstress%7C%22psychological+distress%22%7C%22mental+disorder*%22+%22young+adult*%22%7Cyouth%7C%22college+student*%22%7C%22university+student*%22%7Cadolescent*&hl=en&as_sdt=2007"
13,"S Guo, X Zou, Y Tao, Y Lv, X Liu, S Huang","Gender differences in symptom interactions between problematic smartphone use and social anxiety in adolescents: a network analysis",2025,"… Psychiatry and Mental Health","Springer","https://link.springer.com/article/10.1186/s13034-025-00865-w","https://scholar.google.com/scholar?cites=13396411509946352647&as_sdt=2005&sciodt=2007&hl=en",175,"2026-04-01 00:54:51","HTML","10.1186/s13034-025-00865-w","",,,,,,13,13.00,2,6,1,"… [28], potentially linked to heightened social stress and increased social smartphone use [29]. Tending to use mobile phones contributes to poor mental health, especially in females [30]. …","https://link.springer.com/article/10.1186/s13034-025-00865-w","https://scholar.google.com/scholar?q=related:B4ROg0qd6bkJ:scholar.google.com/&scioq=%22digital+device*%22%7Csmartphone*%7C%22mobile+phone*%22%7C%22screen+time%22%7C%22social+media%22%7C%22internet+use%22%7C%22digital+technolog*%22%7C%22online+activity%22+%22mental+health%22%7Cwellbeing%7C%22well+being%22%7Cdepression%7Canxiety%7Cstress%7C%22psychological+distress%22%7C%22mental+disorder*%22+%22young+adult*%22%7Cyouth%7C%22college+student*%22%7C%22university+student*%22%7Cadolescent*&hl=en&as_sdt=2007"
17,"S Chen, D Qiu, X Li, Q Zhao","Discrepancies in adolescent–parent perceptions of parental phubbing and their relevance to adolescent smartphone dependence: The mediating role of …",2023,"Behavioral Sciences","mdpi.com","https://www.mdpi.com/2076-328X/13/11/888","https://scholar.google.com/scholar?cites=8937377923914444140&as_sdt=2005&sciodt=2007&hl=en",176,"2026-04-01 00:54:51","HTML","","",,,,,,17,5.67,4,4,3,"… to experience symptoms such as depression, poor sleep quality… positively predicts adolescent smartphone addiction, with … not only impacts adolescent smartphone dependence but also …","https://www.mdpi.com/2076-328X/13/11/888","https://scholar.google.com/scholar?q=related:bK1Wmt7xB3wJ:scholar.google.com/&scioq=%22digital+device*%22%7Csmartphone*%7C%22mobile+phone*%22%7C%22screen+time%22%7C%22social+media%22%7C%22internet+use%22%7C%22digital+technolog*%22%7C%22online+activity%22+%22mental+health%22%7Cwellbeing%7C%22well+being%22%7Cdepression%7Canxiety%7Cstress%7C%22psychological+distress%22%7C%22mental+disorder*%22+%22young+adult*%22%7Cyouth%7C%22college+student*%22%7C%22university+student*%22%7Cadolescent*&hl=en&as_sdt=2007"
1,"H Gu, Z Chen, Y Hu, Y Cheng","From scrolling to self-injury: longitudinal relationship between smartphone addiction and adolescent non-suicidal self-injury",2026,"Current Psychology","Springer","https://link.springer.com/article/10.1007/s12144-026-09148-9","https://scholar.google.com/scholar?cites=4260620030291613663&as_sdt=2005&sciodt=2007&hl=en",177,"2026-04-01 00:54:51","","10.1007/s12144-026-09148-9","",,,,,,1,1.00,0,4,1,"… Therefore, only the depression and anxiety subscales were employed in the present study. … emotions” factor rather than separate anxiety and depression variables. An average score …","","https://scholar.google.com/scholar?q=related:3xdyBFjDIDsJ:scholar.google.com/&scioq=%22digital+device*%22%7Csmartphone*%7C%22mobile+phone*%22%7C%22screen+time%22%7C%22social+media%22%7C%22internet+use%22%7C%22digital+technolog*%22%7C%22online+activity%22+%22mental+health%22%7Cwellbeing%7C%22well+being%22%7Cdepression%7Canxiety%7Cstress%7C%22psychological+distress%22%7C%22mental+disorder*%22+%22young+adult*%22%7Cyouth%7C%22college+student*%22%7C%22university+student*%22%7Cadolescent*&hl=en&as_sdt=2007"
33,"LC Heathcote, SJ Cunningham, SN Webster…","Smartphone‐based ecological momentary assessment to study “scanxiety” among adolescent and young adult survivors of childhood cancer: a feasibility study",2022,"Psycho …","Wiley Online Library","https://onlinelibrary.wiley.com/doi/abs/10.1002/pon.5935","https://scholar.google.com/scholar?cites=11563683540021201083&as_sdt=2005&sciodt=2007&hl=en",178,"2026-04-01 00:54:51","","10.1002/pon.5935","",,,,,,33,8.25,8,4,4,"… Scan-related anxiety (“scanxiety”) refers to the fear, stress, and anxiety in anticipation of tests … (EMA) for real-world, real-time capture of scanxiety using patients' personal smartphone. …","https://onlinelibrary.wiley.com/doi/pdfdirect/10.1002/pon.5935","https://scholar.google.com/scholar?q=related:u8j-oel0eqAJ:scholar.google.com/&scioq=%22digital+device*%22%7Csmartphone*%7C%22mobile+phone*%22%7C%22screen+time%22%7C%22social+media%22%7C%22internet+use%22%7C%22digital+technolog*%22%7C%22online+activity%22+%22mental+health%22%7Cwellbeing%7C%22well+being%22%7Cdepression%7Canxiety%7Cstress%7C%22psychological+distress%22%7C%22mental+disorder*%22+%22young+adult*%22%7Cyouth%7C%22college+student*%22%7C%22university+student*%22%7Cadolescent*&hl=en&as_sdt=2007"
7,"NAFM Amin, TNNT Ismail…","Psychosocial Impact of Smartphone Addiction among University Student: A Review",2024,"… Journal of Medicine …","mjmhsojs.upm.edu.my","http://mjmhsojs.upm.edu.my/index.php/mjmhs/article/view/668","https://scholar.google.com/scholar?cites=7888631989471222787&as_sdt=2005&sciodt=2007&hl=en",179,"2026-04-01 00:54:51","","","",,,,,,7,3.50,2,3,2,"… smartphone use and adverse mental health outcomes, including increased levels of … between smartphone addiction and mental health problems such as anxiety, depression and stress …","http://mjmhsojs.upm.edu.my/index.php/mjmhs/article/download/668/849","https://scholar.google.com/scholar?q=related:Axw3qP8Mem0J:scholar.google.com/&scioq=%22digital+device*%22%7Csmartphone*%7C%22mobile+phone*%22%7C%22screen+time%22%7C%22social+media%22%7C%22internet+use%22%7C%22digital+technolog*%22%7C%22online+activity%22+%22mental+health%22%7Cwellbeing%7C%22well+being%22%7Cdepression%7Canxiety%7Cstress%7C%22psychological+distress%22%7C%22mental+disorder*%22+%22young+adult*%22%7Cyouth%7C%22college+student*%22%7C%22university+student*%22%7Cadolescent*&hl=en&as_sdt=2007"
105,"SM Bae","The relationship between smartphone use for communication, social capital, and subjective well-being in Korean adolescents: Verification using multiple latent growth …",2019,"Children and youth services review","Elsevier","https://www.sciencedirect.com/science/article/pii/S019074091830776X","https://scholar.google.com/scholar?cites=6319896358689413693&as_sdt=2005&sciodt=2007&hl=en",180,"2026-04-01 00:54:51","","","",,,,,,105,15.00,105,1,7,"… Especially, smartphone use for communication affected subjective well-being fully … to verify the mechanisms of how smartphone usage enhances subjective well-being in early …","","https://scholar.google.com/scholar?q=related:PZr3BEHItFcJ:scholar.google.com/&scioq=%22digital+device*%22%7Csmartphone*%7C%22mobile+phone*%22%7C%22screen+time%22%7C%22social+media%22%7C%22internet+use%22%7C%22digital+technolog*%22%7C%22online+activity%22+%22mental+health%22%7Cwellbeing%7C%22well+being%22%7Cdepression%7Canxiety%7Cstress%7C%22psychological+distress%22%7C%22mental+disorder*%22+%22young+adult*%22%7Cyouth%7C%22college+student*%22%7C%22university+student*%22%7Cadolescent*&hl=en&as_sdt=2007"
1,"D Cockerham, T Tyler‐Wood…","An Inquiry‐based Approach to Understanding Well‐being and Smartphone Usage: Constructing Research with Adolescent Students",2024,"Mind, Brain, and Education","Wiley Online Library","https://onlinelibrary.wiley.com/doi/abs/10.1111/mbe.12405","https://scholar.google.com/scholar?cites=6989080019302837279&as_sdt=2005&sciodt=2007&hl=en",181,"2026-04-01 00:54:51","","10.1111/mbe.12405","",,,,,,1,0.50,0,3,2,"… Because well-being has been investigated frequently in relation to adolescent smartphone usage and is a component of this study, a brief overview of well-being follows. …","","https://scholar.google.com/scholar?q=related:H2xTcT8z_mAJ:scholar.google.com/&scioq=%22digital+device*%22%7Csmartphone*%7C%22mobile+phone*%22%7C%22screen+time%22%7C%22social+media%22%7C%22internet+use%22%7C%22digital+technolog*%22%7C%22online+activity%22+%22mental+health%22%7Cwellbeing%7C%22well+being%22%7Cdepression%7Canxiety%7Cstress%7C%22psychological+distress%22%7C%22mental+disorder*%22+%22young+adult*%22%7Cyouth%7C%22college+student*%22%7C%22university+student*%22%7Cadolescent*&hl=en&as_sdt=2007"
79,"CR Browning, CA Calder, JL Ford…","Understanding racial differences in exposure to violent areas: Integrating survey, smartphone, and administrative data resources",2017,"The Annals of the …","journals.sagepub.com","https://journals.sagepub.com/doi/abs/10.1177/0002716216678167","https://scholar.google.com/scholar?cites=13501675022412324943&as_sdt=2005&sciodt=2007&hl=en",182,"2026-04-01 00:54:51","","10.1177/0002716216678167","",,,,,,79,8.78,20,4,9,"… may influence youth well-being. We employ smartphone GPS data on a sample of urban youth to … We use data from the Adolescent Health and Development in Context study, which …","https://pmc.ncbi.nlm.nih.gov/articles/PMC5567748/pdf/nihms885281.pdf","https://scholar.google.com/scholar?q=related:T6Cm3-WVX7sJ:scholar.google.com/&scioq=%22digital+device*%22%7Csmartphone*%7C%22mobile+phone*%22%7C%22screen+time%22%7C%22social+media%22%7C%22internet+use%22%7C%22digital+technolog*%22%7C%22online+activity%22+%22mental+health%22%7Cwellbeing%7C%22well+being%22%7Cdepression%7Canxiety%7Cstress%7C%22psychological+distress%22%7C%22mental+disorder*%22+%22young+adult*%22%7Cyouth%7C%22college+student*%22%7C%22university+student*%22%7Cadolescent*&hl=en&as_sdt=2007"
20,"XY Wei, HY Liang, T Gao, LF Gao…","Preference for smartphone-based internet applications and smartphone addiction among Young Adult Addicts: Gender Difference in Psychological Network",2024,"Social Science …","journals.sagepub.com","https://journals.sagepub.com/doi/abs/10.1177/08944393231222680","https://scholar.google.com/scholar?cites=10642279623231295496&as_sdt=2005&sciodt=2007&hl=en",183,"2026-04-01 00:54:51","","10.1177/08944393231222680","",,,,,,20,10.00,4,5,2,"… psychological distress (eg, anxiety when leave the smartphones), functional damage (eg, self-control failure for smartphone uses), … Her research focuses on adolescent Internet use and …","","https://scholar.google.com/scholar?q=related:CFAUn-74sJMJ:scholar.google.com/&scioq=%22digital+device*%22%7Csmartphone*%7C%22mobile+phone*%22%7C%22screen+time%22%7C%22social+media%22%7C%22internet+use%22%7C%22digital+technolog*%22%7C%22online+activity%22+%22mental+health%22%7Cwellbeing%7C%22well+being%22%7Cdepression%7Canxiety%7Cstress%7C%22psychological+distress%22%7C%22mental+disorder*%22+%22young+adult*%22%7Cyouth%7C%22college+student*%22%7C%22university+student*%22%7Cadolescent*&hl=en&as_sdt=2007"
18,"A Giovanelli, TS Karver, KD Roundfield…","The Appa Health App for youth mental health: development and usability study",2023,"JMIR Formative …","formative.jmir.org","https://formative.jmir.org/2023/1/e49998/","https://scholar.google.com/scholar?cites=10340084650505129273&as_sdt=2005&sciodt=2007&hl=en",184,"2026-04-01 00:54:51","HTML","","",,,,,,18,6.00,5,4,3,"… can work with youth with mental health challenges like depression and anxiety and can even … Health is a novel smartphone app aiming to improve the well-being of youth and reduce …","https://formative.jmir.org/2023/1/e49998/","https://scholar.google.com/scholar?q=related:Oc3TnDRcf48J:scholar.google.com/&scioq=%22digital+device*%22%7Csmartphone*%7C%22mobile+phone*%22%7C%22screen+time%22%7C%22social+media%22%7C%22internet+use%22%7C%22digital+technolog*%22%7C%22online+activity%22+%22mental+health%22%7Cwellbeing%7C%22well+being%22%7Cdepression%7Canxiety%7Cstress%7C%22psychological+distress%22%7C%22mental+disorder*%22+%22young+adult*%22%7Cyouth%7C%22college+student*%22%7C%22university+student*%22%7Cadolescent*&hl=en&as_sdt=2007"
18,"JM Sung, YJ Kim","Sex differences in adolescent mental health profiles in South Korea",2020,"Archives of psychiatric nursing","Elsevier","https://www.sciencedirect.com/science/article/pii/S0883941720305574","https://scholar.google.com/scholar?cites=15374871855074153891&as_sdt=2005&sciodt=2007&hl=en",185,"2026-04-01 00:54:51","","","",,,,,,18,3.00,9,2,6,"Accumulating evidence indicates that sex of adolescents is a major factor affecting mental health. This study aimed to compare mental health profiles and longitudinal effects of various …","","https://scholar.google.com/scholar?q=related:o5XYHH6EXtUJ:scholar.google.com/&scioq=%22digital+device*%22%7Csmartphone*%7C%22mobile+phone*%22%7C%22screen+time%22%7C%22social+media%22%7C%22internet+use%22%7C%22digital+technolog*%22%7C%22online+activity%22+%22mental+health%22%7Cwellbeing%7C%22well+being%22%7Cdepression%7Canxiety%7Cstress%7C%22psychological+distress%22%7C%22mental+disorder*%22+%22young+adult*%22%7Cyouth%7C%22college+student*%22%7C%22university+student*%22%7Cadolescent*&hl=en&as_sdt=2007"
19,"Y Li, X Ma, C Li, C Gu","Self-consistency congruence and smartphone addiction in adolescents: the mediating role of subjective well-being and the moderating role of gender",2021,"Frontiers in psychology","frontiersin.org","https://www.frontiersin.org/journals/psychology/articles/10.3389/fpsyg.2021.766392/full","https://scholar.google.com/scholar?cites=287591220829568164&as_sdt=2005&sciodt=2007&hl=en",186,"2026-04-01 00:54:51","HTML","10.3389/fpsyg.2021.766392","",,,,,,19,3.80,5,4,5,"… well-being would mediate the relation between self-consistency congruence and adolescent smartphone … the relationship between adolescent well-being and smartphone addiction. As …","https://www.frontiersin.org/journals/psychology/articles/10.3389/fpsyg.2021.766392/full","https://scholar.google.com/scholar?q=related:pDwRDrG6_QMJ:scholar.google.com/&scioq=%22digital+device*%22%7Csmartphone*%7C%22mobile+phone*%22%7C%22screen+time%22%7C%22social+media%22%7C%22internet+use%22%7C%22digital+technolog*%22%7C%22online+activity%22+%22mental+health%22%7Cwellbeing%7C%22well+being%22%7Cdepression%7Canxiety%7Cstress%7C%22psychological+distress%22%7C%22mental+disorder*%22+%22young+adult*%22%7Cyouth%7C%22college+student*%22%7C%22university+student*%22%7Cadolescent*&hl=en&as_sdt=2007"
244,"ST Hawk, RJJM van den Eijnden, CJ van Lissa…","Narcissistic adolescents' attention-seeking following social rejection: Links with social media disclosure, problematic social media use, and smartphone stress",2019,"Computers in Human …","Elsevier","https://www.sciencedirect.com/science/article/pii/S0747563218305223","https://scholar.google.com/scholar?cites=14655328590562055762&as_sdt=2005&sciodt=2007&hl=en",187,"2026-04-01 00:54:51","","","",,,,,,244,34.86,61,4,7,"… , we also expected that narcissistic youth's attention-seeking should increase … adolescent narcissism predicted later social media disclosure, problematic use, and smartphone stress, via …","https://dspace.library.uu.nl/bitstream/handle/1874/380635/1_s2.0_S0747563218305223_main.pdf?sequence=1","https://scholar.google.com/scholar?q=related:UtYTs7QvYssJ:scholar.google.com/&scioq=%22digital+device*%22%7Csmartphone*%7C%22mobile+phone*%22%7C%22screen+time%22%7C%22social+media%22%7C%22internet+use%22%7C%22digital+technolog*%22%7C%22online+activity%22+%22mental+health%22%7Cwellbeing%7C%22well+being%22%7Cdepression%7Canxiety%7Cstress%7C%22psychological+distress%22%7C%22mental+disorder*%22+%22young+adult*%22%7Cyouth%7C%22college+student*%22%7C%22university+student*%22%7Cadolescent*&hl=en&as_sdt=2007"
7,"M Weiß, J Gutzeit, R Pryss, M Romanos…","Common and differential variables of anxiety and depression in adolescence: a nation-wide smartphone-based survey",2024,"… and Mental Health","Springer","https://link.springer.com/article/10.1186/s13034-024-00793-1","https://scholar.google.com/scholar?cites=12562277969042451270&as_sdt=2005&sciodt=2007&hl=en",188,"2026-04-01 00:54:51","HTML","10.1186/s13034-024-00793-1","",,,,,,7,3.50,1,5,2,"… anxiety and depression in a sample of adolescents from a nation-wide survey provided via a smartphone… typically associated with (adolescent) mental health research and services (eg, …","https://link.springer.com/article/10.1186/s13034-024-00793-1","https://scholar.google.com/scholar?q=related:Rqt9SkEtVq4J:scholar.google.com/&scioq=%22digital+device*%22%7Csmartphone*%7C%22mobile+phone*%22%7C%22screen+time%22%7C%22social+media%22%7C%22internet+use%22%7C%22digital+technolog*%22%7C%22online+activity%22+%22mental+health%22%7Cwellbeing%7C%22well+being%22%7Cdepression%7Canxiety%7Cstress%7C%22psychological+distress%22%7C%22mental+disorder*%22+%22young+adult*%22%7Cyouth%7C%22college+student*%22%7C%22university+student*%22%7Cadolescent*&hl=en&as_sdt=2007"
219,"G Pramana, B Parmanto…","The SmartCAT: an m-health platform for ecological momentary intervention in child anxiety treatment",2014,"Telemedicine and e …","journals.sagepub.com","https://journals.sagepub.com/doi/abs/10.1089/tmj.2013.0214","https://scholar.google.com/scholar?cites=317020855851691216&as_sdt=2005&sciodt=2007&hl=en",189,"2026-04-01 00:54:51","","10.1089/tmj.2013.0214","",,,,,,219,18.25,73,3,12,"… momentary intervention to engage youth in learning and … (Smartphone-enhanced Child Anxiety Treatment). SmartCAT consists of (1) a smartphone application (app) that cues youth to …","https://pmc.ncbi.nlm.nih.gov/articles/PMC4011472/pdf/tmj.2013.0214.pdf","https://scholar.google.com/scholar?q=related:0Cxu68lIZgQJ:scholar.google.com/&scioq=%22digital+device*%22%7Csmartphone*%7C%22mobile+phone*%22%7C%22screen+time%22%7C%22social+media%22%7C%22internet+use%22%7C%22digital+technolog*%22%7C%22online+activity%22+%22mental+health%22%7Cwellbeing%7C%22well+being%22%7Cdepression%7Canxiety%7Cstress%7C%22psychological+distress%22%7C%22mental+disorder*%22+%22young+adult*%22%7Cyouth%7C%22college+student*%22%7C%22university+student*%22%7Cadolescent*&hl=en&as_sdt=2007"
162,"J Wang, P Wang, X Yang, G Zhang, XC Wang…","Fear of missing out and procrastination as mediators between sensation seeking and adolescent smartphone addiction",2019,"… Journal of Mental Health …","Springer","https://link.springer.com/article/10.1007/s11469-019-00106-0","https://scholar.google.com/scholar?cites=561453029046951501&as_sdt=2005&sciodt=2007&hl=en",190,"2026-04-01 00:54:51","","10.1007/s11469-019-00106-0","",,,,,,162,23.14,27,6,7,"… of sensation seeking on smartphone addiction, and little is … sensation seeking on adolescent smartphone addiction and … sensation seeking and adolescent smartphone addiction. A …","","https://scholar.google.com/scholar?q=related:TR5pIo6uygcJ:scholar.google.com/&scioq=%22digital+device*%22%7Csmartphone*%7C%22mobile+phone*%22%7C%22screen+time%22%7C%22social+media%22%7C%22internet+use%22%7C%22digital+technolog*%22%7C%22online+activity%22+%22mental+health%22%7Cwellbeing%7C%22well+being%22%7Cdepression%7Canxiety%7Cstress%7C%22psychological+distress%22%7C%22mental+disorder*%22+%22young+adult*%22%7Cyouth%7C%22college+student*%22%7C%22university+student*%22%7Cadolescent*&hl=en&as_sdt=2007"
431,"JM Twenge","Increases in depression, self‐harm, and suicide among US adolescents after 2012 and links to technology use: Possible mechanisms",2020,"Psychiatric research and clinical practice","psychiatryonline.org","https://psychiatryonline.org/doi/abs/10.1176/appi.prcp.20190015","https://scholar.google.com/scholar?cites=622894460747326011&as_sdt=2005&sciodt=2007&hl=en",191,"2026-04-01 00:54:51","","10.1176/appi.prcp.20190015","",,,,,,431,71.83,431,1,6,"… Increased digital media and smartphone use may influence mental health via several … , individually and across the generation, as adolescent cultural norms evolve; disruption of in‐…","https://psychiatryonline.org/doi/pdf/10.1176/appi.prcp.20190015","https://scholar.google.com/scholar?q=related:OyJnOTb3pAgJ:scholar.google.com/&scioq=%22digital+device*%22%7Csmartphone*%7C%22mobile+phone*%22%7C%22screen+time%22%7C%22social+media%22%7C%22internet+use%22%7C%22digital+technolog*%22%7C%22online+activity%22+%22mental+health%22%7Cwellbeing%7C%22well+being%22%7Cdepression%7Canxiety%7Cstress%7C%22psychological+distress%22%7C%22mental+disorder*%22+%22young+adult*%22%7Cyouth%7C%22college+student*%22%7C%22university+student*%22%7Cadolescent*&hl=en&as_sdt=2007"
12,"V Povilaitis","Smartphone-free summer camp: adolescent perspectives of a leisure context for social and emotional learning",2019,"World Leisure Journal","Taylor &Francis","https://www.tandfonline.com/doi/abs/10.1080/16078055.2019.1661104","https://scholar.google.com/scholar?cites=13333070232696471724&as_sdt=2005&sciodt=2007&hl=en",192,"2026-04-01 00:54:51","","10.1080/16078055.2019.1661104","",,,,,,12,1.71,12,1,7,"… levels of anxiety, depression, and stress. In … adolescent perspectives of a smartphone-free residential camp experience. Results indicated that youth felt positively about the smartphone-…","","https://scholar.google.com/scholar?q=related:rEA1KbyUCLkJ:scholar.google.com/&scioq=%22digital+device*%22%7Csmartphone*%7C%22mobile+phone*%22%7C%22screen+time%22%7C%22social+media%22%7C%22internet+use%22%7C%22digital+technolog*%22%7C%22online+activity%22+%22mental+health%22%7Cwellbeing%7C%22well+being%22%7Cdepression%7Canxiety%7Cstress%7C%22psychological+distress%22%7C%22mental+disorder*%22+%22young+adult*%22%7Cyouth%7C%22college+student*%22%7C%22university+student*%22%7Cadolescent*&hl=en&as_sdt=2007"
3,"B Siokal, A Asfar","The impact of smartphone usage on adolescent social interaction in Borongloe village",2025,"Window of Health: Jurnal Kesehatan","103.133.36.92","http://103.133.36.92/index.php/woh/article/view/1732","https://scholar.google.com/scholar?cites=12597871760948308237&as_sdt=2005&sciodt=2007&hl=en",193,"2026-04-01 00:54:51","","","",,,,,,3,3.00,2,2,1,"… of excessive smartphone use. At the same time, parents and educators should actively … smartphone use among youth to support healthier social engagement and emotional well-being…","http://103.133.36.92/index.php/woh/article/download/1732/381","https://scholar.google.com/scholar?q=related:Dak_xZ6h1K4J:scholar.google.com/&scioq=%22digital+device*%22%7Csmartphone*%7C%22mobile+phone*%22%7C%22screen+time%22%7C%22social+media%22%7C%22internet+use%22%7C%22digital+technolog*%22%7C%22online+activity%22+%22mental+health%22%7Cwellbeing%7C%22well+being%22%7Cdepression%7Canxiety%7Cstress%7C%22psychological+distress%22%7C%22mental+disorder*%22+%22young+adult*%22%7Cyouth%7C%22college+student*%22%7C%22university+student*%22%7Cadolescent*&hl=en&as_sdt=2007"
122,"N Ithnain, SE Ghazali, N Jaafar","Relationship between smartphone addiction with anxiety and depression among undergraduate students in Malaysia",2018,"Int J Health Sci Res","researchgate.net","https://www.researchgate.net/profile/Norbaidurah-Ithnain/publication/323118342_Relationship_between_Smartphone_Addiction_with_Anxiety_and_Depression_among_Undergraduate_Students_in_Malaysia/links/5a8b61c8aca272017e63a273/Relationship-between-Smartphone-Addiction-with-Anxiety-and-Depression-among-Undergraduate-Students-in-Malaysia.pdf","https://scholar.google.com/scholar?cites=3562498384262202869&as_sdt=2005&sciodt=2007&hl=en",194,"2026-04-01 00:54:51","PDF","","",,,,,,122,15.25,41,3,8,"… My online friends understand me better – the impact of social networking site usage on adolescent social ties and mental health. Networked Media Content Seminar 2013 -Growing …","https://www.researchgate.net/profile/Norbaidurah-Ithnain/publication/323118342_Relationship_between_Smartphone_Addiction_with_Anxiety_and_Depression_among_Undergraduate_Students_in_Malaysia/links/5a8b61c8aca272017e63a273/Relationship-between-Smartphone-Addiction-with-Anxiety-and-Depression-among-Undergraduate-Students-in-Malaysia.pdf","https://scholar.google.com/scholar?q=related:9QXa0meJcDEJ:scholar.google.com/&scioq=%22digital+device*%22%7Csmartphone*%7C%22mobile+phone*%22%7C%22screen+time%22%7C%22social+media%22%7C%22internet+use%22%7C%22digital+technolog*%22%7C%22online+activity%22+%22mental+health%22%7Cwellbeing%7C%22well+being%22%7Cdepression%7Canxiety%7Cstress%7C%22psychological+distress%22%7C%22mental+disorder*%22+%22young+adult*%22%7Cyouth%7C%22college+student*%22%7C%22university+student*%22%7Cadolescent*&hl=en&as_sdt=2007"
189,"ML Mascia, M Agus, MP Penna","Emotional intelligence, self-regulation, smartphone addiction: which relationship with student well-being and quality of life?",2020,"Frontiers in psychology","frontiersin.org","https://www.frontiersin.org/journals/psychology/articles/10.3389/fpsyg.2020.00375/full","https://scholar.google.com/scholar?cites=7034412291342985280&as_sdt=2005&sciodt=2007&hl=en",195,"2026-04-01 00:54:51","HTML","10.3389/fpsyg.2020.00375","",,,,,,189,31.50,63,3,6,"… This study attempted to identify the dimensions affecting adolescent well-being and has highlighted some interesting insights. In a closer look at the relationships between the variables …","https://www.frontiersin.org/journals/psychology/articles/10.3389/fpsyg.2020.00375/full","https://scholar.google.com/scholar?q=related:QOgjhbVAn2EJ:scholar.google.com/&scioq=%22digital+device*%22%7Csmartphone*%7C%22mobile+phone*%22%7C%22screen+time%22%7C%22social+media%22%7C%22internet+use%22%7C%22digital+technolog*%22%7C%22online+activity%22+%22mental+health%22%7Cwellbeing%7C%22well+being%22%7Cdepression%7Canxiety%7Cstress%7C%22psychological+distress%22%7C%22mental+disorder*%22+%22young+adult*%22%7Cyouth%7C%22college+student*%22%7C%22university+student*%22%7Cadolescent*&hl=en&as_sdt=2007"
10,"JH Moon, E Song, HY Seong","Investigation of self-rated health and happiness, physical activity, and mental health by smartphone overuse using Korea youth risk behavior web-based …",2019,"Journal of …","The Korea Entertainment Industry …","","https://scholar.google.com/scholar?cites=3976429795013918422&as_sdt=2005&sciodt=2007&hl=en",196,"2026-04-01 00:54:51","CITATION","","",,,,,,10,1.43,3,3,7,"","","https://scholar.google.com/scholar?q=related:1n4VntQdLzcJ:scholar.google.com/&scioq=%22digital+device*%22%7Csmartphone*%7C%22mobile+phone*%22%7C%22screen+time%22%7C%22social+media%22%7C%22internet+use%22%7C%22digital+technolog*%22%7C%22online+activity%22+%22mental+health%22%7Cwellbeing%7C%22well+being%22%7Cdepression%7Canxiety%7Cstress%7C%22psychological+distress%22%7C%22mental+disorder*%22+%22young+adult*%22%7Cyouth%7C%22college+student*%22%7C%22university+student*%22%7Cadolescent*&hl=en&as_sdt=2007"
39,"KY Lee, CY Chen, JK Chen, CC Liu, KC Chang…","Exploring mediational roles for self-stigma in associations between types of problematic use of internet and psychological distress in youth with ADHD",2023,"Research in …","Elsevier","https://www.sciencedirect.com/science/article/pii/S0891422222002402","https://scholar.google.com/scholar?cites=18281365051024774541&as_sdt=2005&sciodt=2007&hl=en",197,"2026-04-01 00:54:51","","","",,,,,,39,13.00,7,6,3,"… We recruited 100 youth with ADHD (mean age=10.80 [SD=3.07] years; 84 boys) from psychiatric outpatient clinics in Taiwan. All participants were assessed for PUI (via Internet Gaming …","","https://scholar.google.com/scholar?q=related:jZWSs6d0tP0J:scholar.google.com/&scioq=%22digital+device*%22%7Csmartphone*%7C%22mobile+phone*%22%7C%22screen+time%22%7C%22social+media%22%7C%22internet+use%22%7C%22digital+technolog*%22%7C%22online+activity%22+%22mental+health%22%7Cwellbeing%7C%22well+being%22%7Cdepression%7Canxiety%7Cstress%7C%22psychological+distress%22%7C%22mental+disorder*%22+%22young+adult*%22%7Cyouth%7C%22college+student*%22%7C%22university+student*%22%7Cadolescent*&hl=en&as_sdt=2007"
96,"J Cao, AL Truong, S Banu, AA Shah…","Tracking and predicting depressive symptoms of adolescents using smartphone-based self-reports, parental evaluations, and passive phone sensor data …",2020,"… mental health","mental.jmir.org","https://mental.jmir.org/2020/1/e14045/","https://scholar.google.com/scholar?cites=9415993517062522268&as_sdt=2005&sciodt=2007&hl=en",198,"2026-04-01 00:54:51","HTML","","",,,,,,96,16.00,19,5,6,"… whether smartphone apps are useful in evaluating and monitoring depression symptoms in a clinically depressed adolescent … Methods: We recruited 13 families with adolescent patients …","https://mental.jmir.org/2020/1/e14045/","https://scholar.google.com/scholar?q=related:nIXkNzdUrIIJ:scholar.google.com/&scioq=%22digital+device*%22%7Csmartphone*%7C%22mobile+phone*%22%7C%22screen+time%22%7C%22social+media%22%7C%22internet+use%22%7C%22digital+technolog*%22%7C%22online+activity%22+%22mental+health%22%7Cwellbeing%7C%22well+being%22%7Cdepression%7Canxiety%7Cstress%7C%22psychological+distress%22%7C%22mental+disorder*%22+%22young+adult*%22%7Cyouth%7C%22college+student*%22%7C%22university+student*%22%7Cadolescent*&hl=en&as_sdt=2007"
17,"PA Bloom, R Lan, H Galfalvy, Y Liu…","Identifying factors impacting missingness within smartphone-based research: Implications for intensive longitudinal studies of adolescent suicidal thoughts and …",2024,"… and clinical science","psycnet.apa.org","https://psycnet.apa.org/record/2025-05014-001","https://scholar.google.com/scholar?cites=12249722293885044611&as_sdt=2005&sciodt=2007&hl=en",199,"2026-04-01 00:54:51","","","",,,,,,17,8.50,3,5,2,"… research system smartphone app. First, acquisition of passive smartphone sensor data (with … ) explained more missingness of survey and passive smartphone sensor data. Last, within-…","https://psycnet.apa.org/manuscript/2025-05014-001.pdf","https://scholar.google.com/scholar?q=related:g4czRIbB_6kJ:scholar.google.com/&scioq=%22digital+device*%22%7Csmartphone*%7C%22mobile+phone*%22%7C%22screen+time%22%7C%22social+media%22%7C%22internet+use%22%7C%22digital+technolog*%22%7C%22online+activity%22+%22mental+health%22%7Cwellbeing%7C%22well+being%22%7Cdepression%7Canxiety%7Cstress%7C%22psychological+distress%22%7C%22mental+disorder*%22+%22young+adult*%22%7Cyouth%7C%22college+student*%22%7C%22university+student*%22%7Cadolescent*&hl=en&as_sdt=2007"
87,"RK Dewi, F Efendi, EMM Has…","Adolescents' smartphone use at night, sleep disturbance and depressive symptoms",2021,"… journal of adolescent …","degruyterbrill.com","https://www.degruyterbrill.com/document/doi/10.1515/ijamh-2018-0095/html","https://scholar.google.com/scholar?cites=13036768417457730633&as_sdt=2005&sciodt=2007&hl=en",200,"2026-04-01 00:54:51","","10.1515/ijamh-2018-0095","",,,,,,87,17.40,22,4,5,"… The purpose of this study was to analyse the correlation between smartphone use at night, sleep disturbance and depression symptoms in adolescents. This cross-sectional study …","","https://scholar.google.com/scholar?q=related:SXSZzc3n67QJ:scholar.google.com/&scioq=%22digital+device*%22%7Csmartphone*%7C%22mobile+phone*%22%7C%22screen+time%22%7C%22social+media%22%7C%22internet+use%22%7C%22digital+technolog*%22%7C%22online+activity%22+%22mental+health%22%7Cwellbeing%7C%22well+being%22%7Cdepression%7Canxiety%7Cstress%7C%22psychological+distress%22%7C%22mental+disorder*%22+%22young+adult*%22%7Cyouth%7C%22college+student*%22%7C%22university+student*%22%7Cadolescent*&hl=en&as_sdt=2007"
