"label","title","author","year","source","publisher","volume","issue","start_page","end_page","doi","issn","abstract","source_file","articleurl","citationurl","citesurl","fulltexturl","relatedurl","link","title_clean","author_clean","row_number_in_group","matches","language","text","citation","screened_titles","notes"
"ref_2130","gender, exposure to news, knowledge about climate change, and prosociality predict climate anxiety scores in mexican students","Ramírez-López, AS; Rosetti, MF; Poma, A",2023,"ECOPSYCHOLOGY",NA,"15","2","184","192","10.1089/eco.2022.0049","1942-9347","Climate change represents a threat to the future of young people everywhere; from a mental health point of view, emotions such as fear and intense worry can manifest themselves as a construct termed climate anxiety (CA). Using an online survey, we evaluated the general anxiety and CA of a sample of university students [n = 461, 64.5% identified as women; mean age (standard deviation) = 21.4 (1.6)] as well as a diverse set of psychosocial variables (i.e., exposure to social media and news, knowledge about climate change, prosociality, and their disposition to donate to conservation efforts) to obtain a profile of potential measures associated with vulnerability to CA. Using generalized linear models, we found that participants who identified as women, spent more time reading news sites, had more knowledge about climate change, were more prosocial and more willing to donate to conservation efforts had higher CA scores, but not more generalized anxiety. In addition, we found that students whose courses involved information about climate change had higher CA scores. Identifying the characteristics of individuals vulnerable to CA may help address their negative feelings so that they can overcome anxiety and turn to meaningful positive action.","wos2000.ris",NA,NA,NA,NA,NA,NA,"gender, exposure to news, knowledge about climate change, and prosociality predict climate anxiety scores in mexican students","ramírez-lópez, as; rosetti, mf; poma, a",NA,2119,"en","gender, exposure to news, knowledge about climate change, and prosociality predict climate anxiety scores in mexican students climate change represents a threat to the future of young people everywhere; from a mental health point of view, emotions such as fear and intense worry can manifest themselves as a construct termed climate anxiety (ca). using an online survey, we evaluated the general anxiety and ca of a sample of university students [n = 461, 64.5% identified as women; mean age (standard deviation) = 21.4 (1.6)] as well as a diverse set of psychosocial variables (i.e., exposure to social media and news, knowledge about climate change, prosociality, and their disposition to donate to conservation efforts) to obtain a profile of potential measures associated with vulnerability to ca. using generalized linear models, we found that participants who identified as women, spent more time reading news sites, had more knowledge about climate change, were more prosocial and more willing to donate to conservation efforts had higher ca scores, but not more generalized anxiety. in addition, we found that students whose courses involved information about climate change had higher ca scores. identifying the characteristics of individuals vulnerable to ca may help address their negative feelings so that they can overcome anxiety and turn to meaningful positive action.","Gender, Exposure to News, Knowledge About Climate Change, and Prosociality Predict Climate Anxiety Scores in Mexican Students.","selected",NA
"ref_2364","improving the science of adolescent social media and mental health: challenges and opportunities of smartphone-based mobile sensing and digital …","JL Hamilton, MJ Dreier, B Caproni, J Fedor…",2025,"Journal of Technology in …","Springer",NA,NA,NA,NA,"10.1007/s41347-024-00443-5",NA,"… The impact of social media (SM) use (‘screentime’) on adolescent mental health has been … the dynamic interplay of SM use and mental health. Smartphone-based mobile sensing offers …",NA,"https://link.springer.com/article/10.1007/s41347-024-00443-5",NA,"https://scholar.google.com/scholar?cites=5456512987296048546&as_sdt=2005&sciodt=2007&hl=en","https://link.springer.com/article/10.1007/s41347-024-00443-5","https://scholar.google.com/scholar?q=related:oiUW8KZtuUsJ:scholar.google.com/&scioq=%22digital+device*%22%7Csmartphone*%7C%22mobile+phone*%22%7C%22screen+time%22%7C%22social+media%22%7C%22internet+use%22%7C%22digital+technolog*%22%7C%22online+activity%22+%22mental+health%22%7Cwellbeing%7C%22well+being%22%7Cdepression%7Canxiety%7Cstress%7C%22psychological+distress%22%7C%22mental+disorder*%22+%22young+adult*%22%7Cyouth%7C%22college+student*%22%7C%22university+student*%22%7Cadolescent*&hl=en&as_sdt=2007",NA,"improving the science of adolescent social media and mental health: challenges and opportunities of smartphone-based mobile sensing and digital …","jl hamilton, mj dreier, b caproni, j fedor…",NA,2350,"en","improving the science of adolescent social media and mental health: challenges and opportunities of smartphone-based mobile sensing and digital … … the impact of social media (sm) use (‘screentime’) on adolescent mental health has been … the dynamic interplay of sm use and mental health. smartphone-based mobile sensing offers …","Improving the Science of Adolescent Social Media and Mental Health: Challenges and Opportunities of Smartphone-Based Mobile Sensing and Digital …","selected",NA
"ref_0911","characteristic structure of the relationships among depression, maladaptive cognition, and internet addiction and its temporal evolution in university students: a network analysis","Tian, Y; Ding, HJ; Li, YF",2025,"STRESS AND HEALTH",NA,"41","1","","","10.1002/smi.70000","1532-3005; 1532-2998","This study explored the structure and temporal evolution of the relationship among depression, maladaptive cognition, and internet addiction (DMI) among university students by focusing on topological and dynamic properties in a network analysis. A 3-year longitudinal survey was conducted with 873 university students (Mage = 18.32, SD = 0.74). The results of network analysis showed ""compulsive internet use and withdrawal symptoms"" as part of internet addiction and ""depressive emotions"" as part of depression were the core characteristics in the DMI relational structure. Additionally, ""compulsive internet use and withdrawal symptoms"" was most pronounced for freshmen, whereas ""depressive emotions"" were most pronounced for sophomores and juniors. These findings suggest that interventions addressing DMI among university students should not only focus on the key aspects of ""compulsive internet use and withdrawal symptoms"" and ""depressive emotions,"" but also consider differences between students at different years of study.","wos2000.ris",NA,NA,NA,NA,NA,NA,"characteristic structure of the relationships among depression, maladaptive cognition, and internet addiction and its temporal evolution in university students: a network analysis","tian, y; ding, hj; li, yf",NA,906,"en","characteristic structure of the relationships among depression, maladaptive cognition, and internet addiction and its temporal evolution in university students: a network analysis this study explored the structure and temporal evolution of the relationship among depression, maladaptive cognition, and internet addiction (dmi) among university students by focusing on topological and dynamic properties in a network analysis. a 3-year longitudinal survey was conducted with 873 university students (mage = 18.32, sd = 0.74). the results of network analysis showed ""compulsive internet use and withdrawal symptoms"" as part of internet addiction and ""depressive emotions"" as part of depression were the core characteristics in the dmi relational structure. additionally, ""compulsive internet use and withdrawal symptoms"" was most pronounced for freshmen, whereas ""depressive emotions"" were most pronounced for sophomores and juniors. these findings suggest that interventions addressing dmi among university students should not only focus on the key aspects of ""compulsive internet use and withdrawal symptoms"" and ""depressive emotions,"" but also consider differences between students at different years of study.","Characteristic Structure of the Relationships among Depression, Maladaptive Cognition, and Internet Addiction and Its Temporal Evolution in University Students: a Network Analysis.","selected",NA
"ref_2623","let me check my phone: smartphone addiction and its links to life satisfaction and psychological resilience","Kartol, A; Üztemur, S",2025,"BRITISH JOURNAL OF GUIDANCE & COUNSELLING",NA,"53","2","167","178","10.1080/03069885.2024.2436030","0306-9885; 1469-3534","Smartphone addiction is a major mental health problem that has risen recently. Students are particularly at risk for this addiction. This study examines the mediating role of psychological resilience between smartphone addiction and life satisfaction in university students. The study group consisted of 324 university students. Smartphone Addiction Scale, Life Satisfaction Scale and Psychological Resilience Scale were used as data collection instruments. As a result of the research, it was found that as the level of smartphone addiction among university students increased, their life satisfaction and psychological resilience decreased. In addition, psychological resilience was found to significantly mediate between smartphone addiction and life satisfaction. It is suggested that preventive mental health studies focusing on increasing psychological resilience will help to reduce smartphone addiction as well as increase life satisfaction.","wos2000.ris",NA,NA,NA,NA,NA,NA,"let me check my phone: smartphone addiction and its links to life satisfaction and psychological resilience","kartol, a; üztemur, s",NA,2609,"en","let me check my phone: smartphone addiction and its links to life satisfaction and psychological resilience smartphone addiction is a major mental health problem that has risen recently. students are particularly at risk for this addiction. this study examines the mediating role of psychological resilience between smartphone addiction and life satisfaction in university students. the study group consisted of 324 university students. smartphone addiction scale, life satisfaction scale and psychological resilience scale were used as data collection instruments. as a result of the research, it was found that as the level of smartphone addiction among university students increased, their life satisfaction and psychological resilience decreased. in addition, psychological resilience was found to significantly mediate between smartphone addiction and life satisfaction. it is suggested that preventive mental health studies focusing on increasing psychological resilience will help to reduce smartphone addiction as well as increase life satisfaction.","Let Me Check My Phone: Smartphone Addiction and Its Links to Life Satisfaction and Psychological Resilience.","selected",NA
"ref_1011","community-derived recommendations for improving gender affirmation of black and latine transgender/nonbinary youth","Vance, SR Jr; Venegas, L; Johnson, J; Sinha, A; Chaphekar, A; Sevelius, J",2024,"ANNALS OF BEHAVIORAL MEDICINE",NA,"58","8","517","526","10.1093/abm/kaae036","0883-6612; 1532-4796","Background Gender affirmation is a process by which gender-diverse individuals are supported in their gender identity. Parents are critical in how gender-diverse youth, including Black and Latine transgender/nonbinary youth (BLTY), access various forms of gender affirmation-for example, social and medical transition. Culturally relevant supports are needed to bolster how BLTY and their parents navigate gender affirmation.Purpose This study aimed to explore recommendations for aiding BLTY and parents in navigating the youth's gender journey.Methods Semi-structured interviews were conducted with parents of BLTY, BLTY, and BLT young adults (BLTYAs) recruited from clinics, community organizations, and social media. Interviews focused on gender affirmation and recommendations to promote BLTY's gender affirmation. Primary and secondary analysts coded transcripts using a priori and emergent codes. For this analysis, excerpts pertaining to recommended supports were analyzed to identify themes.Results Ten parents of BLTY, 10 BLTY (14-18 years), and 23 BLTYAs (18-30 years) participated. Participants provided recommendations at different socio-ecological levels. On the societal level, participants recommended improvements in media representation of racial and ethnic minority gender-diverse individuals. For organizations, participants recommended more clinicians who shared minoritized identities, clinicians knowledgeable in gender-affirming care, affordability of gender-affirming services, and school-based education regarding gender diversity. On interpersonal/individual levels, they suggested culturally informed peer support among BLTY and parents, including support groups, peer mentors, and camps with individuals who share their minoritized identities.Conclusions Participants provided salient insights to supporting gender affirmation of BLTY, which can inform intervention development for BLTY and their families. Black and Latine transgender/nonbinary youth (BLTY) have multiple minoritized identities as they are both racial/ethnic minorities and are gender diverse. These youth face unique challenges in being supported in their gender identity, and their parents face barriers to supporting their gender journey. Unfortunately, approaches to assisting BLTY and their parents in navigating this journey are poorly understood. We interviewed 10 BLTY, 10 related parents of the BLTY, and 23 Black and Latine transgender/nonbinary young adults (BLTYAs) recruited from clinics, community organizations, and social media. In this study, we explored their recommendations for better supporting and affirming BLTY. These recommendations targeted different areas of BLTY's lives. On a broader societal level, participants advocated media representation of gender-diverse individuals of color. For medical and mental health organizations, participants recommended more clinicians knowledgeable in supporting gender-diverse youth and more clinicians who share similar backgrounds with BLTY. For interpersonal and individual relationships, they recommended peer support groups and mentors for BLTY and parents of BLTY. These comprehensive recommendations from BLTY, parents, and BLTYAs can be implemented to better support BLTY in their gender identity through culturally based interventions in different domains.","wos2000.ris",NA,NA,NA,NA,NA,NA,"community-derived recommendations for improving gender affirmation of black and latine transgender/nonbinary youth","vance, sr jr; venegas, l; johnson, j; sinha, a; chaphekar, a; sevelius, j",NA,1006,"en","community-derived recommendations for improving gender affirmation of black and latine transgender/nonbinary youth background gender affirmation is a process by which gender-diverse individuals are supported in their gender identity. parents are critical in how gender-diverse youth, including black and latine transgender/nonbinary youth (blty), access various forms of gender affirmation-for example, social and medical transition. culturally relevant supports are needed to bolster how blty and their parents navigate gender affirmation.purpose this study aimed to explore recommendations for aiding blty and parents in navigating the youth's gender journey.methods semi-structured interviews were conducted with parents of blty, blty, and blt young adults (bltyas) recruited from clinics, community organizations, and social media. interviews focused on gender affirmation and recommendations to promote blty's gender affirmation. primary and secondary analysts coded transcripts using a priori and emergent codes. for this analysis, excerpts pertaining to recommended supports were analyzed to identify themes.results ten parents of blty, 10 blty (14-18 years), and 23 bltyas (18-30 years) participated. participants provided recommendations at different socio-ecological levels. on the societal level, participants recommended improvements in media representation of racial and ethnic minority gender-diverse individuals. for organizations, participants recommended more clinicians who shared minoritized identities, clinicians knowledgeable in gender-affirming care, affordability of gender-affirming services, and school-based education regarding gender diversity. on interpersonal/individual levels, they suggested culturally informed peer support among blty and parents, including support groups, peer mentors, and camps with individuals who share their minoritized identities.conclusions participants provided salient insights to supporting gender affirmation of blty, which can inform intervention development for blty and their families. black and latine transgender/nonbinary youth (blty) have multiple minoritized identities as they are both racial/ethnic minorities and are gender diverse. these youth face unique challenges in being supported in their gender identity, and their parents face barriers to supporting their gender journey. unfortunately, approaches to assisting blty and their parents in navigating this journey are poorly understood. we interviewed 10 blty, 10 related parents of the blty, and 23 black and latine transgender/nonbinary young adults (bltyas) recruited from clinics, community organizations, and social media. in this study, we explored their recommendations for better supporting and affirming blty. these recommendations targeted different areas of blty's lives. on a broader societal level, participants advocated media representation of gender-diverse individuals of color. for medical and mental health organizations, participants recommended more clinicians knowledgeable in supporting gender-diverse youth and more clinicians who share similar backgrounds with blty. for interpersonal and individual relationships, they recommended peer support groups and mentors for blty and parents of blty. these comprehensive recommendations from blty, parents, and bltyas can be implemented to better support blty in their gender identity through culturally based interventions in different domains.","Community-Derived Recommendations for Improving Gender Affirmation of Black and Latine Transgender/Nonbinary Youth.","selected",NA
"ref_4562","the beauty and the beast of social media: an interpretative phenomenological analysis of the impact of adolescents' social media experiences on their mental health during the covid-19 pandemic","Keles, B; Grealish, A; Leamy, M",2024,"CURRENT PSYCHOLOGY",NA,"43","1","96","112","10.1007/s12144-023-04271-3","1046-1310; 1936-4733","Despite extensive research, the mental health implication of social media in adolescents is not yet understood due to mixed and inconsistent findings and more in-depth qualitative studies are needed to expand our understanding of the impact of social media on adolescent mental health during the Covid-19 pandemic. The purpose of this study was to explore why and how adolescents use social media, adolescents' lived experiences on social media, how they make sense of these experiences having impact on their mental health, and the influence of the Covid-19 pandemic on their use of social media and mental health. In-depth interviews were conducted with eleven adolescents aged 14-16 (five female, six male) across England. The interviews were audio- recorded, transcribed verbatim and analysed using interpretative phenomenological analysis. Two key themes were identified: the beauty of social media that captured positive experiences and emotions of adolescents and the beast of social media that captured negative experiences and emotions. From the adolescents' accounts, social media has both positive and negative impacts on their mental health, but mostly positive impacts during the Covid-19 pandemic. The results were discussed in relation to the study aims and previous study findings. Strengths and methodological limitations of the study, implications for future research that emerged from the study were discussed.","wos3000.ris",NA,NA,NA,NA,NA,NA,"the beauty and the beast of social media: an interpretative phenomenological analysis of the impact of adolescents' social media experiences on their mental health during the covid-19 pandemic","keles, b; grealish, a; leamy, m",NA,4534,"en","the beauty and the beast of social media: an interpretative phenomenological analysis of the impact of adolescents' social media experiences on their mental health during the covid-19 pandemic despite extensive research, the mental health implication of social media in adolescents is not yet understood due to mixed and inconsistent findings and more in-depth qualitative studies are needed to expand our understanding of the impact of social media on adolescent mental health during the covid-19 pandemic. the purpose of this study was to explore why and how adolescents use social media, adolescents' lived experiences on social media, how they make sense of these experiences having impact on their mental health, and the influence of the covid-19 pandemic on their use of social media and mental health. in-depth interviews were conducted with eleven adolescents aged 14-16 (five female, six male) across england. the interviews were audio- recorded, transcribed verbatim and analysed using interpretative phenomenological analysis. two key themes were identified: the beauty of social media that captured positive experiences and emotions of adolescents and the beast of social media that captured negative experiences and emotions. from the adolescents' accounts, social media has both positive and negative impacts on their mental health, but mostly positive impacts during the covid-19 pandemic. the results were discussed in relation to the study aims and previous study findings. strengths and methodological limitations of the study, implications for future research that emerged from the study were discussed.","The Beauty and the Beast of Social Media: An Interpretative Phenomenological Analysis of the Impact of Adolescents' Social Media Experiences on their Mental Health During the Covid-19 Pandemic.","selected",NA
"ref_5638","within-person reciprocal relations among academic stress, self-esteem, and problematic internet use in chinese adolescents","Chen, ZH; Guo, C",2026,"JOURNAL OF YOUTH AND ADOLESCENCE",NA,"55","2","431","447","10.1007/s10964-026-02318-9","0047-2891; 1573-6601","Although prior research has documented associations between academic stress and problematic internet use, it remains unclear whether these relations reflect stable between-person differences or dynamic within-person resource depletion processes. To address this, the present study utilized three waves of longitudinal data collected from 1709 adolescents (M-age = 15.19, SD = 0.51; 50.09% female). A random intercept cross-lagged panel model was employed to disentangle stable between-person differences from within-person processes. Results indicated that at the within-person level, academic stress and problematic internet use were reciprocally and positively associated over time. Simultaneously, academic stress and self-esteem showed a reciprocal negative association. However, self-esteem did not significantly mediate the relationship between academic stress and problematic internet use at the within-person level. These longitudinal associations were invariant across sex. These findings suggest that problematic internet use is not merely predicted by academic stress but is also a significant predictor of subsequent elevations in stress.","wos3981.ris",NA,NA,NA,NA,NA,NA,"within-person reciprocal relations among academic stress, self-esteem, and problematic internet use in chinese adolescents","chen, zh; guo, c",NA,5604,"en","within-person reciprocal relations among academic stress, self-esteem, and problematic internet use in chinese adolescents although prior research has documented associations between academic stress and problematic internet use, it remains unclear whether these relations reflect stable between-person differences or dynamic within-person resource depletion processes. to address this, the present study utilized three waves of longitudinal data collected from 1709 adolescents (m-age = 15.19, sd = 0.51; 50.09% female). a random intercept cross-lagged panel model was employed to disentangle stable between-person differences from within-person processes. results indicated that at the within-person level, academic stress and problematic internet use were reciprocally and positively associated over time. simultaneously, academic stress and self-esteem showed a reciprocal negative association. however, self-esteem did not significantly mediate the relationship between academic stress and problematic internet use at the within-person level. these longitudinal associations were invariant across sex. these findings suggest that problematic internet use is not merely predicted by academic stress but is also a significant predictor of subsequent elevations in stress.","Within-Person Reciprocal Relations among Academic Stress, Self-Esteem, and Problematic Internet Use in Chinese Adolescents.","selected",NA
"ref_5025","the relation between college students' social anxiety and mobile phone addiction: the mediating role of regulatory emotional self-efficacy and subjective well-being","Xiao, ZL; Huang, JH",2022,"FRONTIERS IN PSYCHOLOGY",NA,"13","","","","10.3389/fpsyg.2022.861527","1664-1078","The present study explores the underlying mechanism of the relationship between college students' social anxiety and mobile phone addiction. Adopting college students' social anxiety scale, regulatory emotional self-efficacy scale, subjective well-being scale and mobile phone addiction scale, this research tested valid samples of 680 Chinese college students. The results indicated that social anxiety exerted a significant and positive impact on mobile phone addiction. Regulatory emotional self-efficacy played a partial mediating role between social anxiety and mobile phone addiction. Subjective well-being also played a partial mediating role between social anxiety and mobile phone addiction. Moreover, both regulatory emotional self-efficacy and subjective well-being were found to play a chain mediating role between social anxiety and mobile phone addiction. The study provides valuable insights into the impact of college students' social anxiety on mobile phone addiction.","wos1000.ris",NA,NA,NA,NA,NA,NA,"the relation between college students' social anxiety and mobile phone addiction: the mediating role of regulatory emotional self-efficacy and subjective well-being","xiao, zl; huang, jh",NA,4997,"en","the relation between college students' social anxiety and mobile phone addiction: the mediating role of regulatory emotional self-efficacy and subjective well-being the present study explores the underlying mechanism of the relationship between college students' social anxiety and mobile phone addiction. adopting college students' social anxiety scale, regulatory emotional self-efficacy scale, subjective well-being scale and mobile phone addiction scale, this research tested valid samples of 680 chinese college students. the results indicated that social anxiety exerted a significant and positive impact on mobile phone addiction. regulatory emotional self-efficacy played a partial mediating role between social anxiety and mobile phone addiction. subjective well-being also played a partial mediating role between social anxiety and mobile phone addiction. moreover, both regulatory emotional self-efficacy and subjective well-being were found to play a chain mediating role between social anxiety and mobile phone addiction. the study provides valuable insights into the impact of college students' social anxiety on mobile phone addiction.","The Relation Between College Students' Social Anxiety and Mobile Phone Addiction: The Mediating Role of Regulatory Emotional Self-Efficacy and Subjective Well-Being.","selected",NA
"ref_3299","perceived stress and cyberloafing among college students: the mediating roles of fatigue and negative coping styles","Chen Y.; Chen H.; Andrasik F.; Gu C.",2021,"Sustainability (Switzerland)",NA,"13","8","","","10.3390/su13084468",NA,"Cyberloafing has increasingly attracted the attention of scholars because of the widespread use of digital devices in educational environments. This research was conducted to investigate the roles of fatigue and negative coping styles in mediating the relationship between perceived stress and cyberloafing. A total of 730 undergraduates (reduced to 716 due to incomplete data) completed self-report questionnaires measuring perceived stress, fatigue, negative coping styles, and cyberloafing. Perceived stress was shown to be a significant predictor of cyberloafing. Furthermore, negative coping styles played a unique mediating role and fatigue and negative coping styles exerted a sequential mediating effect on the association between perceived stress and cyberloafing. We envision the findings as being helpful in guiding educators develop interventions for minimizing cyberloafing by college students and its disrupting effects. © 2021 by the authors. Licensee MDPI, Basel, Switzerland.","Scopus",NA,NA,NA,NA,NA,"https://www.scopus.com/inward/record.uri?eid=2-s2.0-85104929982&doi=10.3390%2Fsu13084468&partnerID=40&md5=85c3541cdbd63f3ffd2028339d63a147","perceived stress and cyberloafing among college students: the mediating roles of fatigue and negative coping styles","chen y.; chen h.; andrasik f.; gu c.",NA,3281,"en","perceived stress and cyberloafing among college students: the mediating roles of fatigue and negative coping styles cyberloafing has increasingly attracted the attention of scholars because of the widespread use of digital devices in educational environments. this research was conducted to investigate the roles of fatigue and negative coping styles in mediating the relationship between perceived stress and cyberloafing. a total of 730 undergraduates (reduced to 716 due to incomplete data) completed self-report questionnaires measuring perceived stress, fatigue, negative coping styles, and cyberloafing. perceived stress was shown to be a significant predictor of cyberloafing. furthermore, negative coping styles played a unique mediating role and fatigue and negative coping styles exerted a sequential mediating effect on the association between perceived stress and cyberloafing. we envision the findings as being helpful in guiding educators develop interventions for minimizing cyberloafing by college students and its disrupting effects. © 2021 by the authors. licensee mdpi, basel, switzerland.","Perceived Stress and Cyberloafing among College Students: The Mediating Roles of Fatigue and Negative Coping Styles.","selected",NA
"ref_2981","motivations for active and passive social media use and their relation to wellbeing","Seidman, G; Hudak, LM; Langlais, M",2025,"HUMAN BEHAVIOR AND EMERGING TECHNOLOGIES",NA,"2025","1","","","10.1155/hbe2/8812526","2578-1863","The present research examined if active and passive social media uses are determined by different motivations and the extent to which these uses and motivations predict wellbeing. Two online surveys (total N = 480), one using a sample of adults and the other using an undergraduate sample, showed that active use has two components: self-presentational and other-oriented. In both studies, active self-presentational use was primarily motivated by attention seeking, whereas boredom and fear of missing out (FoMO) were the main motivators for passive use. Both active and passive uses were motivated by a desire for connection. In both studies, connection motives were associated with greater wellbeing, while disconnection motives (assessed in Study 2 only) were associated with poorer wellbeing. FoMO was the most consistent predictor of lower wellbeing, but Study 2 revealed that this association was largely explained by trait loneliness. Attention seeking predicted greater wellbeing and boredom predicted lower wellbeing among the adult but not the college student sample.","wos2000.ris",NA,NA,NA,NA,NA,NA,"motivations for active and passive social media use and their relation to wellbeing","seidman, g; hudak, lm; langlais, m",NA,2965,"en","motivations for active and passive social media use and their relation to wellbeing the present research examined if active and passive social media uses are determined by different motivations and the extent to which these uses and motivations predict wellbeing. two online surveys (total n = 480), one using a sample of adults and the other using an undergraduate sample, showed that active use has two components: self-presentational and other-oriented. in both studies, active self-presentational use was primarily motivated by attention seeking, whereas boredom and fear of missing out (fomo) were the main motivators for passive use. both active and passive uses were motivated by a desire for connection. in both studies, connection motives were associated with greater wellbeing, while disconnection motives (assessed in study 2 only) were associated with poorer wellbeing. fomo was the most consistent predictor of lower wellbeing, but study 2 revealed that this association was largely explained by trait loneliness. attention seeking predicted greater wellbeing and boredom predicted lower wellbeing among the adult but not the college student sample.","Motivations for Active and Passive Social Media Use and their Relation to Wellbeing.","selected",NA
"ref_3560","problematic social media use in youths cause response inhibition impairment","Gou S.; Yuan R.; Zhang W.; Tang Y.; Zhang W.",2024,"Current Psychology",NA,"43","15","13555","13564","10.1007/s12144-023-05425-z",NA,"Problematic social media use (PSMU, also referred to as social media addiction by some researchers) is considered a potential, behavioral addiction or non-substance addiction similar to Internet Gaming Disorder and requires further study. The purpose of this study was to examine whether problematic social media users have a core characteristic of reduced response inhibition similar to other addictive behaviors, both without and with social media-related stimuli. PSMU (n = 37) and healthy controls (HC, n = 41) participants completed an adapted version of the Problematic Social Media Use Scale (PSMUS), Internet Game Addiction Scale (IGAS), the Go/No Go task, and an adapted version of the Go/No Go task with social media elements. The results showed that in the Go/No Go task, there was no significant difference in the performance of the PSMU group and the HC group in terms of correct accuracy (p > 0.05). However, in the Modified Go/No Go task, the PSMU group performed worse and had a lower correct accuracy with the No-Go stimulus compared to the HC group. In addition, the No-Go correct accuracy in the Modified Go/No Go task was significantly lower for the PSMU group than the No-Go correct accuracy in the Go/No Go task. Finally, there was a negative correlation between PSMUS scores in the PSMU group and performance in the Modified Go/No Go task. Problematic social media users have response inhibition impairments similar to behavioral addictions, especially with social media-related cues. This adds to the existing evidence on the negative consequences of problematic social media use and its mental health risks. © The Author(s), under exclusive licence to Springer Science+Business Media, LLC, part of Springer Nature 2023.","Scopus",NA,NA,NA,NA,NA,"https://www.scopus.com/inward/record.uri?eid=2-s2.0-85176443914&doi=10.1007%2Fs12144-023-05425-z&partnerID=40&md5=e0b36c7e0778a98d4c9a3369b6911cc8","problematic social media use in youths cause response inhibition impairment","gou s.; yuan r.; zhang w.; tang y.; zhang w.",NA,3542,"en","problematic social media use in youths cause response inhibition impairment problematic social media use (psmu, also referred to as social media addiction by some researchers) is considered a potential, behavioral addiction or non-substance addiction similar to internet gaming disorder and requires further study. the purpose of this study was to examine whether problematic social media users have a core characteristic of reduced response inhibition similar to other addictive behaviors, both without and with social media-related stimuli. psmu (n = 37) and healthy controls (hc, n = 41) participants completed an adapted version of the problematic social media use scale (psmus), internet game addiction scale (igas), the go/no go task, and an adapted version of the go/no go task with social media elements. the results showed that in the go/no go task, there was no significant difference in the performance of the psmu group and the hc group in terms of correct accuracy (p > 0.05). however, in the modified go/no go task, the psmu group performed worse and had a lower correct accuracy with the no-go stimulus compared to the hc group. in addition, the no-go correct accuracy in the modified go/no go task was significantly lower for the psmu group than the no-go correct accuracy in the go/no go task. finally, there was a negative correlation between psmus scores in the psmu group and performance in the modified go/no go task. problematic social media users have response inhibition impairments similar to behavioral addictions, especially with social media-related cues. this adds to the existing evidence on the negative consequences of problematic social media use and its mental health risks. © the author(s), under exclusive licence to springer science+business media, llc, part of springer nature 2023.","Problematic Social Media Use in Youths Cause Response Inhibition Impairment.","selected",NA
"ref_4881","the influences of host and ethnic internet use on sociocultural and psychological adaptation among chinese college students in the united states: intercultural communication apprehension and uncertainty reduction as mediators","Hsu, CF; Chen, J",2021,"JOURNAL OF INTERNATIONAL AND INTERCULTURAL COMMUNICATION",NA,"14","1","60","75","10.1080/17513057.2020.1718739","1751-3057; 1751-3065","This study investigated the influences of internet use on cross-cultural adaptation. One hundred and fifty-two Chinese students (N = 152) in the United States completed a battery of questionnaires. Results indicated that host internet use negatively predicted intercultural communication apprehension (ICA) and uncertainty, which in turn positively influenced sociocultural and psychological adaptation. ICA predicted sociocultural adaptation equally as uncertainty, but was a stronger factor explaining psychological adaptation. Ethnic internet use, however, was not related to cross-cultural adaptation. These findings suggest that the host internet helps newcomers adapt to a new culture by reducing their ICA and uncertainty levels.","wos2000.ris",NA,NA,NA,NA,NA,NA,"the influences of host and ethnic internet use on sociocultural and psychological adaptation among chinese college students in the united states: intercultural communication apprehension and uncertainty reduction as mediators","hsu, cf; chen, j",NA,4853,"en","the influences of host and ethnic internet use on sociocultural and psychological adaptation among chinese college students in the united states: intercultural communication apprehension and uncertainty reduction as mediators this study investigated the influences of internet use on cross-cultural adaptation. one hundred and fifty-two chinese students (n = 152) in the united states completed a battery of questionnaires. results indicated that host internet use negatively predicted intercultural communication apprehension (ica) and uncertainty, which in turn positively influenced sociocultural and psychological adaptation. ica predicted sociocultural adaptation equally as uncertainty, but was a stronger factor explaining psychological adaptation. ethnic internet use, however, was not related to cross-cultural adaptation. these findings suggest that the host internet helps newcomers adapt to a new culture by reducing their ica and uncertainty levels.","The Influences of Host and Ethnic Internet Use on Sociocultural and Psychological Adaptation among Chinese College Students in the United States: Intercultural Communication Apprehension and Uncertainty Reduction as Mediators.","selected",NA
"ref_5476","using smartphone gps data to detect the risk of adolescent suicidal thoughts and behaviors","RP Auerbach, PA Bloom, D Pagliaccio, R Lan…",2025,"JAMA Network …","jamanetwork.com",NA,NA,NA,NA,NA,NA,"… Given prior work in depression, 11 -13 we hypothesized that greater homestay as well as reduced entropy and distance traveled on a given week would be associated with next-week …",NA,"https://jamanetwork.com/journals/jamanetworkopen/article-abstract/2829550",NA,"https://scholar.google.com/scholar?cites=16063323018855261816&as_sdt=2005&sciodt=2007&hl=en","https://jamanetwork.com/journals/jamanetworkopen/fullarticle/2829550","https://scholar.google.com/scholar?q=related:eCY5sy1j7N4J:scholar.google.com/&scioq=%22digital+device*%22%7Csmartphone*%7C%22mobile+phone*%22%7C%22screen+time%22%7C%22social+media%22%7C%22internet+use%22%7C%22digital+technolog*%22%7C%22online+activity%22+%22mental+health%22%7Cwellbeing%7C%22well+being%22%7Cdepression%7Canxiety%7Cstress%7C%22psychological+distress%22%7C%22mental+disorder*%22+%22young+adult*%22%7Cyouth%7C%22college+student*%22%7C%22university+student*%22%7Cadolescent*&hl=en&as_sdt=2007",NA,"using smartphone gps data to detect the risk of adolescent suicidal thoughts and behaviors","rp auerbach, pa bloom, d pagliaccio, r lan…",NA,5442,"en","using smartphone gps data to detect the risk of adolescent suicidal thoughts and behaviors … given prior work in depression, 11 -13 we hypothesized that greater homestay as well as reduced entropy and distance traveled on a given week would be associated with next-week …","using Smartphone Gps Data to Detect the Risk of Adolescent Suicidal Thoughts and Behaviors.","selected",NA
"ref_4621","the double-edged impact of internet use on mental health outcomes among filipino university students: the mediating role of online social support","Santos, PMTA; Cleofas, JV; Austria, AGO; de Guzman, AKB; Sarile, BAF",2023,"FRONTIERS IN SOCIOLOGY",NA,"8","","","","10.3389/fsoc.2023.1132523","2297-7775","IntroductionEvidence supports both the positive and negative effects of Internet use on mental health outcomes, but it remains unclear on the role of online social support in this relationship. This study examined the link between daily hours of general Internet use and bidimensional mental health (BMMH) through the pathway of online social support (OSSS). MethodsDrawing from a sample of 247 Filipino university students, this cross-sectional study tested two simple mediation models that considered mental wellbeing and psychological distress as outcome variables. ResultsFindings show that the total effect of Internet use is positive and negative for mental wellbeing and psychological distress, respectively. Online social support mediated the favorable effects of Internet use on BMMH outcomes. However, the introduction of OSSS as a mediator yielded residual direct effects with opposing signs for both models. The resultant inconsistent mediation in the models signifies the double-edged impact of Internet use on mental health, with favorable effects transmitted through online social support. DiscussionFindings highlight the importance of online social support as a pathway to harness the positive effects of Internet on mental health. Recommendations to improve online social support for students are discussed herein.","wos2000.ris",NA,NA,NA,NA,NA,NA,"the double-edged impact of internet use on mental health outcomes among filipino university students: the mediating role of online social support","santos, pmta; cleofas, jv; austria, ago; de guzman, akb; sarile, baf",NA,4593,"en","the double-edged impact of internet use on mental health outcomes among filipino university students: the mediating role of online social support introductionevidence supports both the positive and negative effects of internet use on mental health outcomes, but it remains unclear on the role of online social support in this relationship. this study examined the link between daily hours of general internet use and bidimensional mental health (bmmh) through the pathway of online social support (osss). methodsdrawing from a sample of 247 filipino university students, this cross-sectional study tested two simple mediation models that considered mental wellbeing and psychological distress as outcome variables. resultsfindings show that the total effect of internet use is positive and negative for mental wellbeing and psychological distress, respectively. online social support mediated the favorable effects of internet use on bmmh outcomes. however, the introduction of osss as a mediator yielded residual direct effects with opposing signs for both models. the resultant inconsistent mediation in the models signifies the double-edged impact of internet use on mental health, with favorable effects transmitted through online social support. discussionfindings highlight the importance of online social support as a pathway to harness the positive effects of internet on mental health. recommendations to improve online social support for students are discussed herein.","The Double-Edged Impact of Internet Use on Mental Health Outcomes among Filipino University Students: The Mediating Role of Online Social Support.","selected",NA
"ref_1773","examining the role of sociodemographic and psychosocial constructs in excessive social media use among hispanic college students","Mathis P.; Lerma M.; Sandoval K.; Torres J.; Cooper T.V.",2022,"Journal of Technology in Behavioral Science",NA,"7","2","160","167","10.1007/s41347-021-00231-5",NA,"Excessive social media use is a pervasive issue among young adults in the USA. This poses risk for several deleterious health outcomes considering excessive social media use has been linked to elements supporting addiction criteria: salience, tolerance, withdrawal, conflict, relapse, and mood modification. Given earlier yet limited data on social media use patterns among Hispanic college students, this study aimed to assess sociodemographic and psychological constructs in relation to social media use and addiction. Participants (n = 958; Mage = 20.72 years, SD = 3.62; 74.5% female) were recruited via SONA systems recruitment platform at a Hispanic Serving Institution on the border of the U.S. and Mexico. Participants completed a sociodemographic questionnaire, weekly social media use frequency, the Bergen Social Media Addiction Scale, the Depression, Anxiety, and Stress Scale, and the Rosenberg Self-Esteem Scale. Participants reported using social media an average of 20 h a week (SD = 18.57). Two linear regressions assessed weekly social media use and social media addiction. Weekly social media use was positively associated with anxiety and negatively associated with age and household income. Social media addiction was positively associated with stress and negatively associated with age, smaller household size, and self-esteem. Border region Hispanic college student social media use appears excessive; targets for prevention and intervention of excessive social media use include younger individuals, those of lower socioeconomic status and those from smaller household sizes. Anxiety and stress seem salient psychosocial constructs to include and explore further prospectively. © 2021, The Author(s), under exclusive licence to Springer Nature Switzerland AG.","Scopus",NA,NA,NA,NA,NA,"https://www.scopus.com/inward/record.uri?eid=2-s2.0-85139757379&doi=10.1007%2Fs41347-021-00231-5&partnerID=40&md5=68efbb751456a13d3e958d01aa2f4f0d","examining the role of sociodemographic and psychosocial constructs in excessive social media use among hispanic college students","mathis p.; lerma m.; sandoval k.; torres j.; cooper t.v.",NA,1765,"en","examining the role of sociodemographic and psychosocial constructs in excessive social media use among hispanic college students excessive social media use is a pervasive issue among young adults in the usa. this poses risk for several deleterious health outcomes considering excessive social media use has been linked to elements supporting addiction criteria: salience, tolerance, withdrawal, conflict, relapse, and mood modification. given earlier yet limited data on social media use patterns among hispanic college students, this study aimed to assess sociodemographic and psychological constructs in relation to social media use and addiction. participants (n = 958; mage = 20.72 years, sd = 3.62; 74.5% female) were recruited via sona systems recruitment platform at a hispanic serving institution on the border of the u.s. and mexico. participants completed a sociodemographic questionnaire, weekly social media use frequency, the bergen social media addiction scale, the depression, anxiety, and stress scale, and the rosenberg self-esteem scale. participants reported using social media an average of 20 h a week (sd = 18.57). two linear regressions assessed weekly social media use and social media addiction. weekly social media use was positively associated with anxiety and negatively associated with age and household income. social media addiction was positively associated with stress and negatively associated with age, smaller household size, and self-esteem. border region hispanic college student social media use appears excessive; targets for prevention and intervention of excessive social media use include younger individuals, those of lower socioeconomic status and those from smaller household sizes. anxiety and stress seem salient psychosocial constructs to include and explore further prospectively. © 2021, the author(s), under exclusive licence to springer nature switzerland ag.","Examining the Role of Sociodemographic and Psychosocial Constructs in Excessive Social Media Use among Hispanic College Students.","selected",NA
"ref_4921","the mediating and buffering effect of resilience on the relationship between loneliness and social media addiction among adolescent","Yam, FC; Yildirim, O; Köksal, B",2024,"CURRENT PSYCHOLOGY",NA,"43","28","24080","24090","10.1007/s12144-024-06148-5","1046-1310; 1936-4733","Social media addiction has many negative effects on the mental health of adolescents. In addition, adolescence is among the high-risk groups in terms of social media addiction. Loneliness is an important variable in the emergence of social media addiction in adolescents. In addition, loneliness is considered a risk factor for adolescents' psychological resilience. Although there is a significant relationship between psychological resilience and technology addictions, there is no research examining the mediating role of psychological resilience between loneliness and social media addiction in adolescents. This study aimed to examine the mediating role of resilience in the relationship between loneliness and social media addiction in adolescents. The study was conducted with 786 adolescents aged 11 to 18, including 474 girls (60.3%) and 312 (39.7%) boys. The data of the study were collected using the Social Media Addiction Scale, the UCLA-Loneliness Short Form, and the Psychological Resilience Scale. The mediation analysis results showed that psychological resilience had a partial mediator role in the relationship between loneliness and social media addiction. These results obtained in the study provide important evidence for the potential buffering role of psychological resilience in reducing social media addiction in adolescents with high levels of loneliness. An overall evaluation of the results indicates that psychological resilience interventions for adolescents with high levels of loneliness could reduce their social media addiction and affect their mental health positively.","wos3000.ris",NA,NA,NA,NA,NA,NA,"the mediating and buffering effect of resilience on the relationship between loneliness and social media addiction among adolescent","yam, fc; yildirim, o; köksal, b",NA,4893,"en","the mediating and buffering effect of resilience on the relationship between loneliness and social media addiction among adolescent social media addiction has many negative effects on the mental health of adolescents. in addition, adolescence is among the high-risk groups in terms of social media addiction. loneliness is an important variable in the emergence of social media addiction in adolescents. in addition, loneliness is considered a risk factor for adolescents' psychological resilience. although there is a significant relationship between psychological resilience and technology addictions, there is no research examining the mediating role of psychological resilience between loneliness and social media addiction in adolescents. this study aimed to examine the mediating role of resilience in the relationship between loneliness and social media addiction in adolescents. the study was conducted with 786 adolescents aged 11 to 18, including 474 girls (60.3%) and 312 (39.7%) boys. the data of the study were collected using the social media addiction scale, the ucla-loneliness short form, and the psychological resilience scale. the mediation analysis results showed that psychological resilience had a partial mediator role in the relationship between loneliness and social media addiction. these results obtained in the study provide important evidence for the potential buffering role of psychological resilience in reducing social media addiction in adolescents with high levels of loneliness. an overall evaluation of the results indicates that psychological resilience interventions for adolescents with high levels of loneliness could reduce their social media addiction and affect their mental health positively.","The Mediating and Buffering Effect of Resilience on the Relationship Between Loneliness and Social Media Addiction among Adolescent.","selected",NA
"ref_4132","social aspects of problematic smartphone use: development and validation of the pssnus and mental health implications for spanish youth","O Luque-Reca, C Marchena-Giráldez…",2024,"Psychology Research …","Taylor &Francis",NA,NA,NA,NA,"10.2147/PRBM.S466070",NA,"… Addressing the complex pattern of digital behaviors and interactions among youth, this research introduces a novel comprehensive scale, the Problematic Smartphone and Social …",NA,"https://www.tandfonline.com/doi/abs/10.2147/PRBM.S466070",NA,"https://scholar.google.com/scholar?cites=11192361150642766436&as_sdt=2005&sciodt=2007&hl=en","https://www.tandfonline.com/doi/pdf/10.2147/prbm.s466070","https://scholar.google.com/scholar?q=related:ZMLxtSpBU5sJ:scholar.google.com/&scioq=%22digital+device*%22%7Csmartphone*%7C%22mobile+phone*%22%7C%22screen+time%22%7C%22social+media%22%7C%22internet+use%22%7C%22digital+technolog*%22%7C%22online+activity%22+%22mental+health%22%7Cwellbeing%7C%22well+being%22%7Cdepression%7Canxiety%7Cstress%7C%22psychological+distress%22%7C%22mental+disorder*%22+%22young+adult*%22%7Cyouth%7C%22college+student*%22%7C%22university+student*%22%7Cadolescent*&hl=en&as_sdt=2007",NA,"social aspects of problematic smartphone use: development and validation of the pssnus and mental health implications for spanish youth","o luque-reca, c marchena-giráldez…",NA,4108,"en","social aspects of problematic smartphone use: development and validation of the pssnus and mental health implications for spanish youth … addressing the complex pattern of digital behaviors and interactions among youth, this research introduces a novel comprehensive scale, the problematic smartphone and social …","Social Aspects of Problematic Smartphone Use: Development and Validation of the Pssnus and Mental Health Implications for Spanish Youth.","selected",NA
"ref_0137","a guiding framework for needs assessment evaluations to embed digital platforms in partnership with indigenous communities","Bhawra J.; Buchan M.C.; Green B.; Skinner K.; Katapally T.R.",2022,"PLoS ONE",NA,"17","12 December","","","10.1371/journal.pone.0279282",NA,"Introduction In community-based research projects, needs assessments are one of the first steps to identify community priorities. Access-related issues often pose significant barriers to participation in research and evaluation for rural and remote communities, particularly Indigenous communities, which also have a complex relationship with academia due to a history of exploitation. To bridge this gap, work with Indigenous communities requires consistent and meaningful engagement. The prominence of digital devices (i.e., smartphones) offers an unparalleled opportunity for ethical and equitable engagement between researchers and communities across jurisdictions, particularly in remote communities. Methods This paper presents a framework to guide needs assessments which embed digital platforms in partnership with Indigenous communities. Guided by this framework, a qualitative needs assessment was conducted with a subarctic Métis community in Saskatchewan, Canada. This project is governed by an Advisory Council comprised of Knowledge Keepers, Elders, and youth in the community. An environmental scan of relevant programs, three key informant interviews, and two focus groups (n = 4 in each) were conducted to systematically identify community priorities. Results Through discussions with the community, four priorities were identified: (1) the Coronavirus pandemic, (2) climate change impacts on the environment, (3) mental health and wellbeing, and (4) food security and sovereignty. Given the timing of the needs assessment, the community identified the Coronavirus pandemic as a key priority requiring digital initiatives. Conclusion Recommendations for community-based needs assessments to conceptualize and implement digital infrastructure are put forward, with an emphasis on self-governance and data sovereignty. © 2022 Bhawra et al. This is an open access article distributed under the terms of the Creative Commons Attribution License, which permits unrestricted use, distribution, and reproduction in any medium, provided the original author and source are credited.","Scopus",NA,NA,NA,NA,NA,"https://www.scopus.com/inward/record.uri?eid=2-s2.0-85144553838&doi=10.1371%2Fjournal.pone.0279282&partnerID=40&md5=d840f4064329d2e60075573d7c69961d","a guiding framework for needs assessment evaluations to embed digital platforms in partnership with indigenous communities","bhawra j.; buchan m.c.; green b.; skinner k.; katapally t.r.",NA,136,"en","a guiding framework for needs assessment evaluations to embed digital platforms in partnership with indigenous communities introduction in community-based research projects, needs assessments are one of the first steps to identify community priorities. access-related issues often pose significant barriers to participation in research and evaluation for rural and remote communities, particularly indigenous communities, which also have a complex relationship with academia due to a history of exploitation. to bridge this gap, work with indigenous communities requires consistent and meaningful engagement. the prominence of digital devices (i.e., smartphones) offers an unparalleled opportunity for ethical and equitable engagement between researchers and communities across jurisdictions, particularly in remote communities. methods this paper presents a framework to guide needs assessments which embed digital platforms in partnership with indigenous communities. guided by this framework, a qualitative needs assessment was conducted with a subarctic métis community in saskatchewan, canada. this project is governed by an advisory council comprised of knowledge keepers, elders, and youth in the community. an environmental scan of relevant programs, three key informant interviews, and two focus groups (n = 4 in each) were conducted to systematically identify community priorities. results through discussions with the community, four priorities were identified: (1) the coronavirus pandemic, (2) climate change impacts on the environment, (3) mental health and wellbeing, and (4) food security and sovereignty. given the timing of the needs assessment, the community identified the coronavirus pandemic as a key priority requiring digital initiatives. conclusion recommendations for community-based needs assessments to conceptualize and implement digital infrastructure are put forward, with an emphasis on self-governance and data sovereignty. © 2022 bhawra et al. this is an open access article distributed under the terms of the creative commons attribution license, which permits unrestricted use, distribution, and reproduction in any medium, provided the original author and source are credited.","a Guiding Framework for Needs Assessment Evaluations to Embed Digital Platforms in Partnership with Indigenous Communities.","selected",NA
"ref_2609","las for hasoc-learning approaches for hate speech and offensive content identification","Balouchzahi F.; Shashirekha H.L.",2020,"CEUR Workshop Proceedings",NA,"2826","","145","151",NA,NA,"Anti-social elements in social media take advantage of the anonymity in the cyber world and indulge in vulgar and offensive communications such as bullying, trolling, harassment etc. Many youths experiencing such victimization are reported to have psychological symptoms of anxiety, depression and loneliness. These issues have become a growing concern for society and hence, it is important to identify and remove such behaviors in the society at the earliest. In view of this, this paper describes the learning models proposed by our team MUCS, for identifying hate speech and offensive content. Three architectures based on different learning approaches namely Ensemble of Machine Learning (ML) algorithms, Transfer Learning (TL) and ML-TL - a hybrid combination of the first two approaches are proposed. Our team obtained macro f1-score of 0.4979, 0.2517, 0.5044 and 0.5182 for English Subtask A, Subtask B, German Subtask A and Hindi Subtask A respectively. © 2020 Copyright for this paper by its authors","Scopus",NA,NA,NA,NA,NA,"https://www.scopus.com/inward/record.uri?eid=2-s2.0-85102959948&partnerID=40&md5=b22926629083b06a1392e6906e6b02bc","las for hasoc-learning approaches for hate speech and offensive content identification","balouchzahi f.; shashirekha h.l.",NA,2595,"en","las for hasoc-learning approaches for hate speech and offensive content identification anti-social elements in social media take advantage of the anonymity in the cyber world and indulge in vulgar and offensive communications such as bullying, trolling, harassment etc. many youths experiencing such victimization are reported to have psychological symptoms of anxiety, depression and loneliness. these issues have become a growing concern for society and hence, it is important to identify and remove such behaviors in the society at the earliest. in view of this, this paper describes the learning models proposed by our team mucs, for identifying hate speech and offensive content. three architectures based on different learning approaches namely ensemble of machine learning (ml) algorithms, transfer learning (tl) and ml-tl - a hybrid combination of the first two approaches are proposed. our team obtained macro f1-score of 0.4979, 0.2517, 0.5044 and 0.5182 for english subtask a, subtask b, german subtask a and hindi subtask a respectively. © 2020 copyright for this paper by its authors","Las for Hasoc-Learning Approaches for Hate Speech and Offensive Content Identification.","selected",NA
"ref_1098","correlates of homeless youths' stability-seeking behaviors online and in person","Curry, SR; Rhoades, H; Rice, E",2016,"JOURNAL OF THE SOCIETY FOR SOCIAL WORK AND RESEARCH",NA,"7","1","143","176","10.1086/685107","2334-2315; 1948-822X","Objective: This study examines correlates of service seeking and use of the Internet for stability-seeking purposes such as employment, housing, and health needs among homeless youth. The purpose was to (a) analyze previously unexplored youth characteristics and behaviors such as substance use and self-reported reasons for homelessness; (b) understand the relationship between youth characteristics and behaviors and use of the Internet for stability-seeking purposes; and (c) compare Internet resource-seeking between those who used in-person services and those who did not use in-person services in each domain. Method: A nonprobability sample of homeless youth completed a self-administered questionnaire during 2 periods of data collection (N = 642) at drop-in agencies in a large city on the West Coast. Bivariate and multivariate logistic regressions were conducted and the Holm-Bonferroni method was applied to adjust for multiple comparisons. Results: Logistic regressions show service use and use of the Internet for stability-seeking purposes are significantly associated with race, hard drug use, and becoming homeless because of mental health problems. Individuals who use hard drugs are 2 times more likely (OR = 1.82, p < .05) to use health services than those who do not use hard drugs. Youth who indicate they are homeless because of mental illness are 5 times more likely (OR = 5.13, p < .001) to look online for health services than homeless youth who do not give mental illness as a reason for homelessness. Conclusions: Some youth who might otherwise be labeled disconnected could still be searching for stability-seeking resources through the Internet. Implications for practice are discussed.","wos3981.ris",NA,NA,NA,NA,NA,NA,"correlates of homeless youths' stability-seeking behaviors online and in person","curry, sr; rhoades, h; rice, e",NA,1091,"en","correlates of homeless youths' stability-seeking behaviors online and in person objective: this study examines correlates of service seeking and use of the internet for stability-seeking purposes such as employment, housing, and health needs among homeless youth. the purpose was to (a) analyze previously unexplored youth characteristics and behaviors such as substance use and self-reported reasons for homelessness; (b) understand the relationship between youth characteristics and behaviors and use of the internet for stability-seeking purposes; and (c) compare internet resource-seeking between those who used in-person services and those who did not use in-person services in each domain. method: a nonprobability sample of homeless youth completed a self-administered questionnaire during 2 periods of data collection (n = 642) at drop-in agencies in a large city on the west coast. bivariate and multivariate logistic regressions were conducted and the holm-bonferroni method was applied to adjust for multiple comparisons. results: logistic regressions show service use and use of the internet for stability-seeking purposes are significantly associated with race, hard drug use, and becoming homeless because of mental health problems. individuals who use hard drugs are 2 times more likely (or = 1.82, p < .05) to use health services than those who do not use hard drugs. youth who indicate they are homeless because of mental illness are 5 times more likely (or = 5.13, p < .001) to look online for health services than homeless youth who do not give mental illness as a reason for homelessness. conclusions: some youth who might otherwise be labeled disconnected could still be searching for stability-seeking resources through the internet. implications for practice are discussed.","Correlates of Homeless Youths' Stability-Seeking Behaviors Online and in Person.","selected",NA
"ref_4529","the association between self-esteem and dimensions and classes of cross-platform social media use in a sample of emerging adults - evidence from regression and latent class analyses","Tibber, MS; Zhao, JY; Butler, S",2020,"COMPUTERS IN HUMAN BEHAVIOR",NA,"109","","","","10.1016/j.chb.2020.106371","0747-5632; 1873-7692","There is growing interest in the role of social media use in young people's mental health, and self-esteem has been hypothesised as a potential link in this association. However, existing studies have tended to use basic indicators of use in isolation and single-platform data, and further, have not controlled for other key variables. To address these limitations, emerging adults completed online questionnaires on social media engagement and self-esteem. In line with the interpersonal-connection-behaviours framework we explored online behaviours that putatively connect and disconnect users, e.g. meeting new people and engaging in social comparisons, respectively. Data were analysed using two methodologies, facilitating examination of the relationship between self-esteem and individual engagement indicators (regression analysis) as well as patterns of use (Latent Class Analysis). Overall levels of use and upward social comparisons independently predicted variance in self-esteem scores, even after controlling for demographic and socioeconomic covariates. Further, membership to meaningful, empirically-derived classes of social media users was predicted by self-esteem. These findings indicate that the association between social media use, social comparisons and self-esteem is robust, and extends to multi-platform data. We argue that such a move away from studies of single-platform data is critical if findings are to be generalised.","wos3981.ris",NA,NA,NA,NA,NA,NA,"the association between self-esteem and dimensions and classes of cross-platform social media use in a sample of emerging adults - evidence from regression and latent class analyses","tibber, ms; zhao, jy; butler, s",NA,4501,"en","the association between self-esteem and dimensions and classes of cross-platform social media use in a sample of emerging adults - evidence from regression and latent class analyses there is growing interest in the role of social media use in young people's mental health, and self-esteem has been hypothesised as a potential link in this association. however, existing studies have tended to use basic indicators of use in isolation and single-platform data, and further, have not controlled for other key variables. to address these limitations, emerging adults completed online questionnaires on social media engagement and self-esteem. in line with the interpersonal-connection-behaviours framework we explored online behaviours that putatively connect and disconnect users, e.g. meeting new people and engaging in social comparisons, respectively. data were analysed using two methodologies, facilitating examination of the relationship between self-esteem and individual engagement indicators (regression analysis) as well as patterns of use (latent class analysis). overall levels of use and upward social comparisons independently predicted variance in self-esteem scores, even after controlling for demographic and socioeconomic covariates. further, membership to meaningful, empirically-derived classes of social media users was predicted by self-esteem. these findings indicate that the association between social media use, social comparisons and self-esteem is robust, and extends to multi-platform data. we argue that such a move away from studies of single-platform data is critical if findings are to be generalised.","The Association Between Self-Esteem and Dimensions and Classes of Cross-Platform Social Media Use in a Sample of Emerging Adults - Evidence from Regression and Latent Class Analyses.","selected",NA
"ref_2919","mobile phone addiction and interpersonal problems among chinese young adults: the mediating roles of social anxiety and loneliness","Zhao, KB; Liu, Y; Shi, YM; Bi, DD; Zhang, C; Chen, RJ; Jin, Z",2025,"BMC PSYCHOLOGY",NA,"13","1","","","10.1186/s40359-025-02686-0","2050-7283","Mobile phone addiction leads to difficulties that arise in relationships with others; however, the psychological mechanisms that underpin this relationship are not well understood. The present study examined a multiple mediation model with both social anxiety and loneliness as mediators in the relationship between mobile phone addiction and interpersonal problems among young adults. A sample of 758 Chinese college students reported items on the survey, including demographics, the Mobile Phone Addiction Tendency Scale, UCLA Loneliness Scale, Interaction Anxiousness Scale, and Interpersonal Comprehensive Diagnostic Scale. Results showed that mobile phone addiction was positively associated with interpersonal problems. Loneliness and social anxiety served as both independent and sequential mediators in this relationship. Moreover, these two types of mental states play equally important mediating roles. These results suggested that young adults with mobile phone addiction tended to have more interpersonal problems, not only due to their higher loneliness but also their higher social anxiety. In other words, both loneliness and social anxiety were factors that increase the risk of interpersonal problems.","wos1000.ris",NA,NA,NA,NA,NA,NA,"mobile phone addiction and interpersonal problems among chinese young adults: the mediating roles of social anxiety and loneliness","zhao, kb; liu, y; shi, ym; bi, dd; zhang, c; chen, rj; jin, z",NA,2903,"en","mobile phone addiction and interpersonal problems among chinese young adults: the mediating roles of social anxiety and loneliness mobile phone addiction leads to difficulties that arise in relationships with others; however, the psychological mechanisms that underpin this relationship are not well understood. the present study examined a multiple mediation model with both social anxiety and loneliness as mediators in the relationship between mobile phone addiction and interpersonal problems among young adults. a sample of 758 chinese college students reported items on the survey, including demographics, the mobile phone addiction tendency scale, ucla loneliness scale, interaction anxiousness scale, and interpersonal comprehensive diagnostic scale. results showed that mobile phone addiction was positively associated with interpersonal problems. loneliness and social anxiety served as both independent and sequential mediators in this relationship. moreover, these two types of mental states play equally important mediating roles. these results suggested that young adults with mobile phone addiction tended to have more interpersonal problems, not only due to their higher loneliness but also their higher social anxiety. in other words, both loneliness and social anxiety were factors that increase the risk of interpersonal problems.","Mobile Phone Addiction and Interpersonal Problems among Chinese Young Adults: The Mediating Roles of Social Anxiety and Loneliness.","selected",NA
"ref_2757","maladaptive cognition and problematic internet use among nigerian adolescent students: role of social anxiety","Nwufo, JI; Ike, OO; Chidozie, OE; Nnadozie, EE; Nwufo, CL",2022,"JOURNAL OF PSYCHOLOGY IN AFRICA",NA,"32","4","353","358","10.1080/14330237.2022.2066365","1433-0237; 1815-5626","This study examined the role of social anxiety in the association between maladaptive cognition and problematic internet use among Nigerian adolescent students. Participants were 509 adolescents from schools in South-East Nigeria (n = 509; male = 46.56%, female = 53.44%; mean age = 15.86 years; SD = 2.57 years). The participants completed measures of social anxiety (Social Anxiety Scale for Adolescents), problematic internet use (Problematic Internet Use Questionnaire), and maladaptive cognition (Maladaptive Interpersonal Belief Scale). Regression analyses showed a positive association between students' maladaptive cognition and problematic internet use, as well as between social anxiety and problematic internet use. Additionally, social anxiety mediated the relationship between maladaptive cognition and problematic internet use, increasing the risk of problematic internet use. These findings indicate a need for interventions to reduce the risk of problematic internet use through counselling students for healthy cognition and normative social anxiety.","wos3000.ris",NA,NA,NA,NA,NA,NA,"maladaptive cognition and problematic internet use among nigerian adolescent students: role of social anxiety","nwufo, ji; ike, oo; chidozie, oe; nnadozie, ee; nwufo, cl",NA,2742,"en","maladaptive cognition and problematic internet use among nigerian adolescent students: role of social anxiety this study examined the role of social anxiety in the association between maladaptive cognition and problematic internet use among nigerian adolescent students. participants were 509 adolescents from schools in south-east nigeria (n = 509; male = 46.56%, female = 53.44%; mean age = 15.86 years; sd = 2.57 years). the participants completed measures of social anxiety (social anxiety scale for adolescents), problematic internet use (problematic internet use questionnaire), and maladaptive cognition (maladaptive interpersonal belief scale). regression analyses showed a positive association between students' maladaptive cognition and problematic internet use, as well as between social anxiety and problematic internet use. additionally, social anxiety mediated the relationship between maladaptive cognition and problematic internet use, increasing the risk of problematic internet use. these findings indicate a need for interventions to reduce the risk of problematic internet use through counselling students for healthy cognition and normative social anxiety.","Maladaptive Cognition and Problematic Internet Use among Nigerian Adolescent Students: Role of Social Anxiety.","selected",NA
"ref_1893","exploring the relationship between electronic device use and psychological dimensions of procrastination in university students","Salguero-Pazos, M; Reyes-de-Cózar, S",2025,"BEHAVIORAL SCIENCES",NA,"16","1","","","10.3390/bs16010006","2076-328X","This study examines the relationship between electronic device use and psychological dimensions of procrastination in university students. The main objectives were to identify screen usage habits, explore their association with key psychological factors, and determine whether these factors predict perceived procrastination. An ad hoc instrument and descriptive, correlational, and regression techniques were used for data analysis of a sample of 924 Spanish university students. From this sample, a target subsample of 386 students who reported high levels of procrastination was selected to analyse screen-use patterns and their links with procrastination dimensions. In contrast, the full sample was used to estimate the predictive regression models. Results showed high screen use among students, with 20% potentially at risk for problematic use. High screen use correlated with lower self-regulation, self-efficacy, and self-esteem, and higher anxiety. Conversely, higher self-regulation and self-efficacy were linked to more motivation, better self-esteem, and less anxiety. Regression results indicated that screen time, self-regulation, and self-efficacy significantly predict procrastination levels. These findings suggest that psychological factors play a key role in how screen use relates to procrastination.","wos1000.ris",NA,NA,NA,NA,NA,NA,"exploring the relationship between electronic device use and psychological dimensions of procrastination in university students","salguero-pazos, m; reyes-de-cózar, s",NA,1884,"en","exploring the relationship between electronic device use and psychological dimensions of procrastination in university students this study examines the relationship between electronic device use and psychological dimensions of procrastination in university students. the main objectives were to identify screen usage habits, explore their association with key psychological factors, and determine whether these factors predict perceived procrastination. an ad hoc instrument and descriptive, correlational, and regression techniques were used for data analysis of a sample of 924 spanish university students. from this sample, a target subsample of 386 students who reported high levels of procrastination was selected to analyse screen-use patterns and their links with procrastination dimensions. in contrast, the full sample was used to estimate the predictive regression models. results showed high screen use among students, with 20% potentially at risk for problematic use. high screen use correlated with lower self-regulation, self-efficacy, and self-esteem, and higher anxiety. conversely, higher self-regulation and self-efficacy were linked to more motivation, better self-esteem, and less anxiety. regression results indicated that screen time, self-regulation, and self-efficacy significantly predict procrastination levels. these findings suggest that psychological factors play a key role in how screen use relates to procrastination.","Exploring the Relationship Between Electronic Device Use and Psychological Dimensions of Procrastination in University Students.","selected",NA
"ref_4151","social interaction anxiety and problematic smartphone use: the mediating roles of self-concept clarity and mood regulation in chinese adolescents","Chen, YY; Huo, YQ",2026,"YOUTH & SOCIETY",NA,"58","1","85","101","10.1177/0044118X251347309","0044-118X; 1552-8499","The study aimed to investigate the serial mediation effects of self-concept clarity and mood regulation on the relationship between social interaction anxiety and problematic smartphone use based on the Interaction of Person-Affect-Cognition-Execution (I-PACE) model. A total of 1,022 Chinese adolescents involved accomplished a series of self-report instruments, such as the Self-Concept Clarity Scale, Interaction Anxiousness Scale, Mood Regulation through Smartphone Scale, and Smartphone Addiction Scale. Analysis of descriptive statistics, bivariate correlations as well as structural equation modeling was carried out in the study. The results verified the hypothesized relationships and revealed that social interaction anxiety had a positive correlation with problematic smartphone use. This correlation was mediated by self-concept clarity and mood regulation through smartphones in a partial and sequential manner. Therefore, both mediators could act as strengthening factors in this relationship. Implications and suggestions are presented for further studies.","wos3981.ris",NA,NA,NA,NA,NA,NA,"social interaction anxiety and problematic smartphone use: the mediating roles of self-concept clarity and mood regulation in chinese adolescents","chen, yy; huo, yq",NA,4127,"en","social interaction anxiety and problematic smartphone use: the mediating roles of self-concept clarity and mood regulation in chinese adolescents the study aimed to investigate the serial mediation effects of self-concept clarity and mood regulation on the relationship between social interaction anxiety and problematic smartphone use based on the interaction of person-affect-cognition-execution (i-pace) model. a total of 1,022 chinese adolescents involved accomplished a series of self-report instruments, such as the self-concept clarity scale, interaction anxiousness scale, mood regulation through smartphone scale, and smartphone addiction scale. analysis of descriptive statistics, bivariate correlations as well as structural equation modeling was carried out in the study. the results verified the hypothesized relationships and revealed that social interaction anxiety had a positive correlation with problematic smartphone use. this correlation was mediated by self-concept clarity and mood regulation through smartphones in a partial and sequential manner. therefore, both mediators could act as strengthening factors in this relationship. implications and suggestions are presented for further studies.","Social Interaction Anxiety and Problematic Smartphone Use: The Mediating Roles of Self-Concept Clarity and Mood Regulation in Chinese Adolescents.","selected",NA
"ref_5740","“teachers act like we’re robots”: tiktok as a window into youth experiences of online learning during covid-19","Literat I.",2021,"AERA Open",NA,"7","","","","10.1177/2332858421995537",NA,"Social media, and especially popular youth-focused platforms like TikTok, can offer a valuable window into youth experiences, including their perceptions of online learning. Building on a large-scale thematic analysis of 1,930 TikTok videos posted in March-June 2020, this study examines how young people shared their experiences of online learning during the COVID-19 pandemic. Findings indicate that youth portrayed online coursework as overwhelming and relentless against the traumatic background of the pandemic. They sought support, empathy, and authenticity from teachers, and both received and provided emotional and educational support to peers on the platform. Students’ home contexts emerged as particularly salient, making visible the intersections between young people’s home, school and social lives. By facilitating a grounded, bottom-up understanding of students’ experiences and perceptions—shared in their preferred spaces and modes of expression—this research stresses the need to attend to youth perspectives to craft more equitable and empowering educational futures. © The Author(s) 2021.","Scopus",NA,NA,NA,NA,NA,"https://www.scopus.com/inward/record.uri?eid=2-s2.0-85109158690&doi=10.1177%2F2332858421995537&partnerID=40&md5=d87809e8161e87a8839171e6f6cecef6","“teachers act like we’re robots”: tiktok as a window into youth experiences of online learning during covid-19","literat i.",NA,5706,"en","“teachers act like we’re robots”: tiktok as a window into youth experiences of online learning during covid-19 social media, and especially popular youth-focused platforms like tiktok, can offer a valuable window into youth experiences, including their perceptions of online learning. building on a large-scale thematic analysis of 1,930 tiktok videos posted in march-june 2020, this study examines how young people shared their experiences of online learning during the covid-19 pandemic. findings indicate that youth portrayed online coursework as overwhelming and relentless against the traumatic background of the pandemic. they sought support, empathy, and authenticity from teachers, and both received and provided emotional and educational support to peers on the platform. students’ home contexts emerged as particularly salient, making visible the intersections between young people’s home, school and social lives. by facilitating a grounded, bottom-up understanding of students’ experiences and perceptions—shared in their preferred spaces and modes of expression—this research stresses the need to attend to youth perspectives to craft more equitable and empowering educational futures. © the author(s) 2021.","“teachers Act Like We’re Robots”: Tiktok as a Window into Youth Experiences of Online Learning During Covid-19.","selected",NA
"ref_2709","longitudinal associations between changes in screen-time and mental health outcomes in adolescents","Babic, MJ; Smith, JJ; Morgan, PJ; Eather, N; Plotnikoff, RC; Lubans, DR",2017,"MENTAL HEALTH AND PHYSICAL ACTIVITY",NA,"12","","124","131","10.1016/j.mhpa.2017.04.001","1755-2966; 1878-0199","Introduction: The primary aim was to examine longitudinal associations between changes in screen-time and mental health outcomes among adolescents. Methods: Adolescents (N = 322, 65.5% females, mean age = 14.4 +/- 0.6 years) reported screen-time and mental health at two time points over a school year. Multi-level linear regression analyses were conducted after adjusting for covariates. Results: Changes in total recreational screen-time (beta = -0.09 p = 0.048) and tablet/mobile phone use (beta = -0.18, p < 0.001) were negatively associated with physical self-concept. Changes in total recreational screen-time (beta = -0.20, p = 0.001) and computer use (beta = -0.23, p = 0.003) were negatively associated with psychological well-being. A positive association was found with television/DVD use and psychological difficulties (beta = 0.16, p = 0.015). No associations were found for non-recreational screen-time. Conclusion: Changes in recreational screen-time were associated with changes in a range of mental health outcomes. (C) 2017 Elsevier Ltd. All rights reserved.","wos2000.ris",NA,NA,NA,NA,NA,NA,"longitudinal associations between changes in screen-time and mental health outcomes in adolescents","babic, mj; smith, jj; morgan, pj; eather, n; plotnikoff, rc; lubans, dr",NA,2695,"en","longitudinal associations between changes in screen-time and mental health outcomes in adolescents introduction: the primary aim was to examine longitudinal associations between changes in screen-time and mental health outcomes among adolescents. methods: adolescents (n = 322, 65.5% females, mean age = 14.4 +/- 0.6 years) reported screen-time and mental health at two time points over a school year. multi-level linear regression analyses were conducted after adjusting for covariates. results: changes in total recreational screen-time (beta = -0.09 p = 0.048) and tablet/mobile phone use (beta = -0.18, p < 0.001) were negatively associated with physical self-concept. changes in total recreational screen-time (beta = -0.20, p = 0.001) and computer use (beta = -0.23, p = 0.003) were negatively associated with psychological well-being. a positive association was found with television/dvd use and psychological difficulties (beta = 0.16, p = 0.015). no associations were found for non-recreational screen-time. conclusion: changes in recreational screen-time were associated with changes in a range of mental health outcomes. (c) 2017 elsevier ltd. all rights reserved.","Longitudinal Associations Between Changes in Screen-Time and Mental Health Outcomes in Adolescents.","selected",NA
"ref_2492","internet overuse as cause of mental ill health among female college students","Rathore, S; Ruhela, R",2018,"INDIAN JOURNAL OF PSYCHOLOGICAL SCIENCE",NA,"9","1","143","149",NA,"0976-9218","Objective: Since problematic internet use has long been a matter of public concern. The purpose of this study was to evaluate prevalence of internet addiction and its relation with depression, anxiety and stress among female college students. Design: A causal research design. Method: Sample of the study includes 254 college students aged between 18-14 years. To analyze data, mean and standard deviation were used in the descriptive statistics and the Pearson correlation and single-variable regression were used. These analyses were carried out via SPSS 20.0. Results: findings revealed that Internet addiction has a positive significant relationship with Depression, Anxiety and Stress as a whole and all its components. The Regression results revealed that in general, addiction to internet can predict about 25.5% of depression, 23.4% of anxiety and 25 .8% of stress variable. Conclusion: The study of the underlying causes of Internet addiction and consequently, prevention of itseems necessary based on the findings of this study.","wos1000.ris",NA,NA,NA,NA,NA,NA,"internet overuse as cause of mental ill health among female college students","rathore, s; ruhela, r",NA,2478,"en","internet overuse as cause of mental ill health among female college students objective: since problematic internet use has long been a matter of public concern. the purpose of this study was to evaluate prevalence of internet addiction and its relation with depression, anxiety and stress among female college students. design: a causal research design. method: sample of the study includes 254 college students aged between 18-14 years. to analyze data, mean and standard deviation were used in the descriptive statistics and the pearson correlation and single-variable regression were used. these analyses were carried out via spss 20.0. results: findings revealed that internet addiction has a positive significant relationship with depression, anxiety and stress as a whole and all its components. the regression results revealed that in general, addiction to internet can predict about 25.5% of depression, 23.4% of anxiety and 25 .8% of stress variable. conclusion: the study of the underlying causes of internet addiction and consequently, prevention of itseems necessary based on the findings of this study.","Internet Overuse as Cause of Mental Ill Health among Female College Students.","selected",NA
"ref_4398","subjective poverty, material deprivation indices and psychological distress among young adults: the mediating role of social capital and usage of online social networks","Achdut, N; Refaeli, T; Tayri, TMS",2021,"SOCIAL INDICATORS RESEARCH",NA,"158","3","863","887","10.1007/s11205-021-02729-0","0303-8300; 1573-0921","The mechanisms underlying the SES-psychological distress association are not fully explored. Based on representative cross-sectional data from Israel for the year 2017 (N = 1508), we examine (1) the association between subjective poverty, material deprivation, social capital, and psychological distress among young adults (20-29 years); and (2) whether social capital mediates the subjective poverty/material deprivation-psychological distress association. Informal social capital includes connections with family and friends, perceived support, and perceived trust, whereas formal social capital includes volunteering and civic and political involvement. An additional aspect was online social network usage. We constructed a structural equation model to explore paths of relationships between subjective poverty, material deprivation, social capital, and psychological distress. Subjective poverty and material deprivation were strong predictors of psychological distress. Informal social capital buffered the negative effect of subjective poverty and material deprivations on psychological distress, whereas use of online social networks increased it. The use of online social networks, however, promoted informal social capital, which, in turn, was a protective factor against psychological distress. Further investigation is needed on which patterns and platforms of online social networks harm and which promote young adults' psychological wellbeing. Informal social capital should be a prominent aspect of both preventive medicine practice and health promotion initiatives among young adults. Policy-makers are called on to support this important means of promoting public health. However, to substantially narrow disparities in psychological distress among young adults, direct action should be taken to reduce poverty and material deprivation.","wos1000.ris",NA,NA,NA,NA,NA,NA,"subjective poverty, material deprivation indices and psychological distress among young adults: the mediating role of social capital and usage of online social networks","achdut, n; refaeli, t; tayri, tms",NA,4371,"en","subjective poverty, material deprivation indices and psychological distress among young adults: the mediating role of social capital and usage of online social networks the mechanisms underlying the ses-psychological distress association are not fully explored. based on representative cross-sectional data from israel for the year 2017 (n = 1508), we examine (1) the association between subjective poverty, material deprivation, social capital, and psychological distress among young adults (20-29 years); and (2) whether social capital mediates the subjective poverty/material deprivation-psychological distress association. informal social capital includes connections with family and friends, perceived support, and perceived trust, whereas formal social capital includes volunteering and civic and political involvement. an additional aspect was online social network usage. we constructed a structural equation model to explore paths of relationships between subjective poverty, material deprivation, social capital, and psychological distress. subjective poverty and material deprivation were strong predictors of psychological distress. informal social capital buffered the negative effect of subjective poverty and material deprivations on psychological distress, whereas use of online social networks increased it. the use of online social networks, however, promoted informal social capital, which, in turn, was a protective factor against psychological distress. further investigation is needed on which patterns and platforms of online social networks harm and which promote young adults' psychological wellbeing. informal social capital should be a prominent aspect of both preventive medicine practice and health promotion initiatives among young adults. policy-makers are called on to support this important means of promoting public health. however, to substantially narrow disparities in psychological distress among young adults, direct action should be taken to reduce poverty and material deprivation.","Subjective Poverty, Material Deprivation Indices and Psychological Distress among Young Adults: The Mediating Role of Social Capital and Usage of Online Social Networks.","selected",NA
"ref_4557","the associations between social comparison on social media and young adults’ mental health","Le Blanc-Brillon J.; Fortin J.-S.; Lafrance L.; Hétu S.",2025,"Frontiers in Psychology",NA,"16","","","","10.3389/fpsyg.2025.1597241",NA,"Introduction: Social networking sites (SNSs) have become an integral part of daily life, raising concerns about their potential impact on mental health. One key mechanism through which SNSs may affect wellbeing is social comparison. The present research aimed to examine the mediating role of social comparisons (upward and downward) in the relationship between SNSs use and self-esteem (global and physical). Methods: Study 1 (N = 139; female 51%; 73% White), conducted during the COVID-19 pandemic, tested whether perceived exposure to social comparisons mediated the relationship between Instagram use and self-esteem. Results: Results revealed that upward comparisons mediated the association between Instagram use and lower global self-esteem, but no significant mediation was found for physical self-esteem. Study 2 (N = 413; 58% female; 62% White), conducted post-pandemic, extended these findings by including two SNSs (Instagram and Facebook), the extremity of upward comparisons (how far superior the comparison target is perceived to be), social feedback (responses or evaluations from others) and measures of depressive symptoms. As expected, exposure to upward comparisons negatively mediated the relationship between SNSs use and self-esteem (both global and physical), and positively mediated the relationship between SNSs use and depressive symptoms. However, contrary to our hypothesis, frequent SNSs users engaged in less extreme upward comparisons, partially buffering the negative impact of extreme upward comparisons. Discussion: Together, these findings highlight the crucial role of both exposure to and extremity of upward social comparisons in the complex relationship between SNSs use and mental health. These two factors contribute significantly though modestly to the effects of SNSs on self-esteem and depressive symptoms (R2 between 6 and 9%), underscoring the need for further research on individual and contextual variables that may mitigate their adverse psychological consequences. Copyright © 2025 Le Blanc-Brillon, Fortin, Lafrance and Hétu.","Scopus",NA,NA,NA,NA,NA,"https://www.scopus.com/inward/record.uri?eid=2-s2.0-105014003111&doi=10.3389%2Ffpsyg.2025.1597241&partnerID=40&md5=3d6645b2256834da18cc5d639ec0e89f","the associations between social comparison on social media and young adults’ mental health","le blanc-brillon j.; fortin j.-s.; lafrance l.; hétu s.",NA,4529,"en","the associations between social comparison on social media and young adults’ mental health introduction: social networking sites (snss) have become an integral part of daily life, raising concerns about their potential impact on mental health. one key mechanism through which snss may affect wellbeing is social comparison. the present research aimed to examine the mediating role of social comparisons (upward and downward) in the relationship between snss use and self-esteem (global and physical). methods: study 1 (n = 139; female 51%; 73% white), conducted during the covid-19 pandemic, tested whether perceived exposure to social comparisons mediated the relationship between instagram use and self-esteem. results: results revealed that upward comparisons mediated the association between instagram use and lower global self-esteem, but no significant mediation was found for physical self-esteem. study 2 (n = 413; 58% female; 62% white), conducted post-pandemic, extended these findings by including two snss (instagram and facebook), the extremity of upward comparisons (how far superior the comparison target is perceived to be), social feedback (responses or evaluations from others) and measures of depressive symptoms. as expected, exposure to upward comparisons negatively mediated the relationship between snss use and self-esteem (both global and physical), and positively mediated the relationship between snss use and depressive symptoms. however, contrary to our hypothesis, frequent snss users engaged in less extreme upward comparisons, partially buffering the negative impact of extreme upward comparisons. discussion: together, these findings highlight the crucial role of both exposure to and extremity of upward social comparisons in the complex relationship between snss use and mental health. these two factors contribute significantly though modestly to the effects of snss on self-esteem and depressive symptoms (r2 between 6 and 9%), underscoring the need for further research on individual and contextual variables that may mitigate their adverse psychological consequences. copyright © 2025 le blanc-brillon, fortin, lafrance and hétu.","The Associations Between Social Comparison on Social Media and Young Adults’ Mental Health.","selected",NA
"ref_5066","the relationship between internet use preference and loneliness among college students during covid-19: the chain mediating effect of online social support and self-esteem","Luo Q.; Huang L.; Wu N.",2022,"Frontiers in Psychology",NA,"13","","","","10.3389/fpsyg.2022.1058944",NA,"The outbreak of COVID-19, especially the demands of social interaction and spatial distancing behavior, has led to a surge in Internet use, which has also led to an increase in loneliness. Therefore, we investigated the role of online social support and self-esteem in the relationship between Internet use preference and loneliness. In this study, 1053 college students were surveyed with a questionnaire based on the framework of Ecological System Theory, and a chain mediation model was established to clarify the mechanism between Internet use preference and loneliness. The results show that Internet use preference not only positively predicts loneliness, but also indirectly influences loneliness through the mediators of online social support and self-esteem, thereby impacting loneliness through the “online social support → self-esteem” chain. The results also indicate the need to pay attention to college students’ mental health status during COVID-19. The advent of COVID-19 has impacted people’s lifestyles and has changed the impact of the Internet on individual mental health. This study provides a new way to further understand college students’ Internet use preferences, online social support, self-esteem, and loneliness status during COVID-19. It provides targeted interventions for college students’ loneliness during COVID-19. Copyright © 2022 Luo, Huang and Wu.","Scopus",NA,NA,NA,NA,NA,"https://www.scopus.com/inward/record.uri?eid=2-s2.0-85145696230&doi=10.3389%2Ffpsyg.2022.1058944&partnerID=40&md5=ee9a5de35c09780697b6976ba99db7d4","the relationship between internet use preference and loneliness among college students during covid-19: the chain mediating effect of online social support and self-esteem","luo q.; huang l.; wu n.",NA,5038,"en","the relationship between internet use preference and loneliness among college students during covid-19: the chain mediating effect of online social support and self-esteem the outbreak of covid-19, especially the demands of social interaction and spatial distancing behavior, has led to a surge in internet use, which has also led to an increase in loneliness. therefore, we investigated the role of online social support and self-esteem in the relationship between internet use preference and loneliness. in this study, 1053 college students were surveyed with a questionnaire based on the framework of ecological system theory, and a chain mediation model was established to clarify the mechanism between internet use preference and loneliness. the results show that internet use preference not only positively predicts loneliness, but also indirectly influences loneliness through the mediators of online social support and self-esteem, thereby impacting loneliness through the “online social support → self-esteem” chain. the results also indicate the need to pay attention to college students’ mental health status during covid-19. the advent of covid-19 has impacted people’s lifestyles and has changed the impact of the internet on individual mental health. this study provides a new way to further understand college students’ internet use preferences, online social support, self-esteem, and loneliness status during covid-19. it provides targeted interventions for college students’ loneliness during covid-19. copyright © 2022 luo, huang and wu.","The Relationship Between Internet Use Preference and Loneliness among College Students During Covid-19: The Chain Mediating Effect of Online Social Support and Self-Esteem.","selected",NA
"ref_4491","the acceptability of a smartphone app (blueice) for university students who self-harm","Cliffe, B; Stokes, Z; Stallard, P",2023,"ARCHIVES OF SUICIDE RESEARCH",NA,"27","2","565","581","10.1080/13811118.2021.2022552","1381-1118; 1543-6136","University students are twice as likely to self-harm than community controls but, unfortunately, help-seeking among this population is particularly low. Given the stigma around self-harm, the face-to-face nature of traditional support for self-harm can be a barrier to help-seeking. Smartphone applications (apps) are a possible alternative source of support, and research has shown that students are receptive to this option. This study sought to assess the acceptability of a smartphone app called BlueIce for university students who self-harm. Semi-structured interviews were conducted with 25 students with a history of self-harm. A qualitative content analysis was undertaken and five categories were identified: the content of BlueIce, the use of BlueIce with university students, the function of BlueIce, comparison with other support, and the implementation and uptake of BlueIce. Responses to BlueIce were very positive with students believing BlueIce to be a helpful resource that was perceived as more accessible than alternative support. Participants believed it could provide help in moments of distress as well as helping individuals learn longer-term coping skills. Others felt that BlueIce would not be adequate for some people and would be better used alongside other face-to-face support. Overall, it was clear that BlueIce was acceptable to the students in this study. Future research should seek to evaluate the feasibility and effectiveness of BlueIce within a university setting with students.","wos2000.ris",NA,NA,NA,NA,NA,NA,"the acceptability of a smartphone app (blueice) for university students who self-harm","cliffe, b; stokes, z; stallard, p",NA,4463,"en","the acceptability of a smartphone app (blueice) for university students who self-harm university students are twice as likely to self-harm than community controls but, unfortunately, help-seeking among this population is particularly low. given the stigma around self-harm, the face-to-face nature of traditional support for self-harm can be a barrier to help-seeking. smartphone applications (apps) are a possible alternative source of support, and research has shown that students are receptive to this option. this study sought to assess the acceptability of a smartphone app called blueice for university students who self-harm. semi-structured interviews were conducted with 25 students with a history of self-harm. a qualitative content analysis was undertaken and five categories were identified: the content of blueice, the use of blueice with university students, the function of blueice, comparison with other support, and the implementation and uptake of blueice. responses to blueice were very positive with students believing blueice to be a helpful resource that was perceived as more accessible than alternative support. participants believed it could provide help in moments of distress as well as helping individuals learn longer-term coping skills. others felt that blueice would not be adequate for some people and would be better used alongside other face-to-face support. overall, it was clear that blueice was acceptable to the students in this study. future research should seek to evaluate the feasibility and effectiveness of blueice within a university setting with students.","The Acceptability of a Smartphone App (Blueice) for University Students Who Self-Harm.","selected",NA
"ref_4632","the effect of digital citizenship on negative online behaviors and learning outcomes in higher education","Dunaway M.; Macharia M.",2021,"Journal of Information Systems Education",NA,"32","4","294","307",NA,NA,"With the increase in Internet use, there has been an upsurge in negative online behaviors (such as cyberbullying and online harassment) among college students. As a result of the negative online behaviors, many students may experience anxiety, depression, feelings of loneliness, and alienation, which ultimately can impact their well-being and interfere with their ability to learn. It is envisaged that extending digital citizenship behavior to educational settings will arrest, or at the very least help mitigate, the impact of these negative behaviors on student learning outcomes. Using data collected from 184 university students, results show that perceived learning outcomes indirectly impact the relationship between digital citizenship and cyberbullying behaviors © 2021, Journal of Information Systems Education. All Rights Reserved.","Scopus",NA,NA,NA,NA,NA,"https://www.scopus.com/inward/record.uri?eid=2-s2.0-85126377286&partnerID=40&md5=82165ce5200d82c30f9565b233f1f4f4","the effect of digital citizenship on negative online behaviors and learning outcomes in higher education","dunaway m.; macharia m.",NA,4604,"en","the effect of digital citizenship on negative online behaviors and learning outcomes in higher education with the increase in internet use, there has been an upsurge in negative online behaviors (such as cyberbullying and online harassment) among college students. as a result of the negative online behaviors, many students may experience anxiety, depression, feelings of loneliness, and alienation, which ultimately can impact their well-being and interfere with their ability to learn. it is envisaged that extending digital citizenship behavior to educational settings will arrest, or at the very least help mitigate, the impact of these negative behaviors on student learning outcomes. using data collected from 184 university students, results show that perceived learning outcomes indirectly impact the relationship between digital citizenship and cyberbullying behaviors © 2021, journal of information systems education. all rights reserved.","The Effect of Digital Citizenship on Negative Online Behaviors and Learning Outcomes in Higher Education.","selected",NA
"ref_1561","effect of growth mindset on mental health two years later: the role of smartphone use","X Lai, C Nie, S Huang, Y Li, T Xin, C Zhang…",2022,"International journal of …","mdpi.com",NA,NA,NA,NA,NA,NA,"… This study focused on the far-reaching effects of growth mindset on adolescent mental health and therefore selected a sample of students who were approaching or just entering …",NA,"https://www.mdpi.com/1660-4601/19/6/3355",NA,"https://scholar.google.com/scholar?cites=1898849837713205003&as_sdt=2005&sciodt=2007&hl=en","https://www.mdpi.com/1660-4601/19/6/3355","https://scholar.google.com/scholar?q=related:Cye06t0RWhoJ:scholar.google.com/&scioq=%22digital+device*%22%7Csmartphone*%7C%22mobile+phone*%22%7C%22screen+time%22%7C%22social+media%22%7C%22internet+use%22%7C%22digital+technolog*%22%7C%22online+activity%22+%22mental+health%22%7Cwellbeing%7C%22well+being%22%7Cdepression%7Canxiety%7Cstress%7C%22psychological+distress%22%7C%22mental+disorder*%22+%22young+adult*%22%7Cyouth%7C%22college+student*%22%7C%22university+student*%22%7Cadolescent*&hl=en&as_sdt=2007",NA,"effect of growth mindset on mental health two years later: the role of smartphone use","x lai, c nie, s huang, y li, t xin, c zhang…",NA,1553,"en","effect of growth mindset on mental health two years later: the role of smartphone use … this study focused on the far-reaching effects of growth mindset on adolescent mental health and therefore selected a sample of students who were approaching or just entering …","Effect of Growth Mindset on Mental Health Two Years Later: The Role of Smartphone Use.","selected",NA
"ref_5702","‘it’s like a hug’: examining the role of music-making for the well-being of youth during the covid-19 pandemic","Bennett A.; Sofija E.; Green B.; Guerra P.; Howard F.; Oliveira A.",2025,"Journal of Youth Studies",NA,"28","5","828","844","10.1080/13676261.2024.2305911",NA,"This article presents findings from a cross-disciplinary, international project that seeks to understand the importance of music-making for young people (aged 18–35 years) as a source of well-being during the COVID-19 crisis. A key objective of the project is to evaluate whether music-making has contributed in palpable ways to young people’s individual well-being and their sense of connection with others. For the purposes of the project, well-being is defined in relation to both physical and mental health but also by having a sense of social belonging. Given the unprecedented circumstances created by the COVID-19 pandemic, its rapid spread and ensuing disruptions to everyday life, the project findings offer a significant opportunity to examine and evaluate the importance of music-making for young people’s well-being in a time of rapidly shifting and increasingly uncertain socio-economic conditions. The article draws on data collected during 77 online interviews with young music-makers based in different locations around Australia, the UK and Portugal. Participants for the project were recruited through calls posted on social media with additional internal recruiting at one of the partner universities through a monthly call out for volunteers for research projects. © 2024 The Author(s). Published by Informa UK Limited, trading as Taylor & Francis Group.","Scopus",NA,NA,NA,NA,NA,"https://www.scopus.com/inward/record.uri?eid=2-s2.0-85183015763&doi=10.1080%2F13676261.2024.2305911&partnerID=40&md5=94104a6b0cecd6360448702ce1815e96","‘it’s like a hug’: examining the role of music-making for the well-being of youth during the covid-19 pandemic","bennett a.; sofija e.; green b.; guerra p.; howard f.; oliveira a.",NA,5668,"en","‘it’s like a hug’: examining the role of music-making for the well-being of youth during the covid-19 pandemic this article presents findings from a cross-disciplinary, international project that seeks to understand the importance of music-making for young people (aged 18–35 years) as a source of well-being during the covid-19 crisis. a key objective of the project is to evaluate whether music-making has contributed in palpable ways to young people’s individual well-being and their sense of connection with others. for the purposes of the project, well-being is defined in relation to both physical and mental health but also by having a sense of social belonging. given the unprecedented circumstances created by the covid-19 pandemic, its rapid spread and ensuing disruptions to everyday life, the project findings offer a significant opportunity to examine and evaluate the importance of music-making for young people’s well-being in a time of rapidly shifting and increasingly uncertain socio-economic conditions. the article draws on data collected during 77 online interviews with young music-makers based in different locations around australia, the uk and portugal. participants for the project were recruited through calls posted on social media with additional internal recruiting at one of the partner universities through a monthly call out for volunteers for research projects. © 2024 the author(s). published by informa uk limited, trading as taylor & francis group.","‘it’s Like a Hug’: Examining the Role of Music-Making for the Well-Being of Youth During the Covid-19 Pandemic.","selected",NA
"ref_0834","brief report: feasibility of a mindfulness and self-compassion based mobile intervention for adolescents","Donovan, E; Rodgers, RF; Cousineau, TM; McGowan, KM; Luk, S; Yates, K; Franko, DL",2016,"JOURNAL OF ADOLESCENCE",NA,"53","","217","221","10.1016/j.adolescence.2016.09.009","0140-1971; 1095-9254","The aim of the study was to test the feasibility of a mindfulness and self-compassion based program for adolescents, to be delivered though mobile phones. Twenty racially and ethnically diverse US adolescents enrolled in a study to use the app for 30 days, after which they provided satisfaction data and participated in focus groups to describe their experiences and offer suggestions for improving the app. Usage data were also captured. Results indicated that participants used the app on the majority of days over the intervention period, reported finding it helpful for managing stress, and provided suggestions for substantive areas for improvement. These findings suggest that a mobile app may be a feasible way to disseminate a mindfulness and selfcompassion based program widely among adolescents. (C) 2016 The Foundation for Professionals in Services for Adolescents. Published by Elsevier Ltd. All rights reserved.","wos2000.ris",NA,NA,NA,NA,NA,NA,"brief report: feasibility of a mindfulness and self-compassion based mobile intervention for adolescents","donovan, e; rodgers, rf; cousineau, tm; mcgowan, km; luk, s; yates, k; franko, dl",NA,831,"en","brief report: feasibility of a mindfulness and self-compassion based mobile intervention for adolescents the aim of the study was to test the feasibility of a mindfulness and self-compassion based program for adolescents, to be delivered though mobile phones. twenty racially and ethnically diverse us adolescents enrolled in a study to use the app for 30 days, after which they provided satisfaction data and participated in focus groups to describe their experiences and offer suggestions for improving the app. usage data were also captured. results indicated that participants used the app on the majority of days over the intervention period, reported finding it helpful for managing stress, and provided suggestions for substantive areas for improvement. these findings suggest that a mobile app may be a feasible way to disseminate a mindfulness and selfcompassion based program widely among adolescents. (c) 2016 the foundation for professionals in services for adolescents. published by elsevier ltd. all rights reserved.","Brief Report: Feasibility of a Mindfulness and Self-Compassion Based Mobile Intervention for Adolescents.","selected",NA
"ref_1117","covid-19 pandemic and the second lockdown: the 3rd wave of the disease through the voice of youth","Branquinho C.; Santos A.C.; Noronha C.; Ramiro L.; de Matos M.G.",2022,"Child Indicators Research",NA,"15","1","199","216","10.1007/s12187-021-09865-6",NA,"Around the beginning of the 2021 new year, Europe’s COVID-19 third wave led many leaders to implement a new lockdown period, with the teaching–learning system returning to the online method once more. The present study aimed to understand the health consequences for adolescents and young adults (AYA) during the third wave’s lockdown. This mixed-method study included 592 participants between 16 and 24 years old (M = 19.01, SD = 2.32), with the majority being female (70.9%) and students (82.3%) at high school (55.1%) or university (44.9%). Negative impacts are highlighted in the categories: relationships, physical activity (as well aseno impacts), screen time and academic stress; and no impactsin health and well-being, leisure activities, sleep, diet, academic performance and relationships with teachers and peers. Overall, when compared to the opposite gender, girls report more negative impacts on leisure activities and diet, although more positive impacts on diet, as well as on academic stress; boys stand out in the negative consequences on substance use. At the academic level, students in higher education show more negative impacts on relationships, leisure activities, sleep, diet, screen time and relationships with teachers and peers. Enlightened about the impacts of the second lockdown on their lives, and showing signs of “pandemic fatigue”, this study draws attention to the need to associate psychological support measures with those implemented to contain the COVID-19 pandemic. © 2021, The Author(s), under exclusive licence to Springer Nature B.V.","Scopus",NA,NA,NA,NA,NA,"https://www.scopus.com/inward/record.uri?eid=2-s2.0-85116071965&doi=10.1007%2Fs12187-021-09865-6&partnerID=40&md5=f037cf3b09cf1856d4aedd08147bcb68","covid-19 pandemic and the second lockdown: the 3rd wave of the disease through the voice of youth","branquinho c.; santos a.c.; noronha c.; ramiro l.; de matos m.g.",NA,1110,"en","covid-19 pandemic and the second lockdown: the 3rd wave of the disease through the voice of youth around the beginning of the 2021 new year, europe’s covid-19 third wave led many leaders to implement a new lockdown period, with the teaching–learning system returning to the online method once more. the present study aimed to understand the health consequences for adolescents and young adults (aya) during the third wave’s lockdown. this mixed-method study included 592 participants between 16 and 24 years old (m = 19.01, sd = 2.32), with the majority being female (70.9%) and students (82.3%) at high school (55.1%) or university (44.9%). negative impacts are highlighted in the categories: relationships, physical activity (as well aseno impacts), screen time and academic stress; and no impactsin health and well-being, leisure activities, sleep, diet, academic performance and relationships with teachers and peers. overall, when compared to the opposite gender, girls report more negative impacts on leisure activities and diet, although more positive impacts on diet, as well as on academic stress; boys stand out in the negative consequences on substance use. at the academic level, students in higher education show more negative impacts on relationships, leisure activities, sleep, diet, screen time and relationships with teachers and peers. enlightened about the impacts of the second lockdown on their lives, and showing signs of “pandemic fatigue”, this study draws attention to the need to associate psychological support measures with those implemented to contain the covid-19 pandemic. © 2021, the author(s), under exclusive licence to springer nature b.v.","Covid-19 Pandemic and the Second Lockdown: The 3rd Wave of the Disease Through the Voice of Youth.","selected",NA
"ref_2872","mind the distance: experiences of non-face-to-face child and youth mental health services during covid-19 social distancing restrictions in western australia","McQueen M.; Strauss P.; Lin A.; Freeman J.; Hill N.; Finlay-Jones A.; Bebbington K.; Perry Y.",2022,"Australian Psychologist",NA,"57","5","301","314","10.1080/00050067.2022.2078649",NA,"Objectives: Following the outbreak of COVID-19, social distancing restrictions limited access to face-to-face mental health services in Western Australia (WA), necessitating a rapid transition to non-face-to-face alternatives, including telehealth. The current study investigated barriers and facilitators to telehealth access and engagement, and preferences for child and youth mental health service delivery during and beyond COVID-19. Methods: Three participant groups were recruited via social media and partner organisations, and completed a tailored online survey: i) young people (14–25 years) who had ever accessed or attempted to access mental health support or services (n = 84), ii) parents of young people with a child aged 0–25 years who had ever accessed or attempted to access mental health support or services with or on behalf of their child (n = 68), and iii) professionals working in the child or youth mental health sector (n = 167). Results: Regarding barriers to engagement, young people were primarily concerned with the privacy implications of telehealth and its efficacy relative to face-to-face alternatives. Parents and clinicians were more concerned with the technological pitfalls of telehealth (e.g., internet-connectivity, picture/sound issues). Telehealth’s accessibility was highlighted as a facilitator for all groups. Although certain participant groups were considered to be more suited to telehealth than others, most participants endorsed a blended approach to the future provision of mental health services. Conclusions: To facilitate a blended approach to the delivery of child and youth mental health services, participants recommended more reliable and affordable internet access, implementing funding models that support telehealth delivery, and training for clinical staff. KEY POINTS: What is already known about this topic: At the time of writing, Western Australia has been fortunate enough to resist a large-scale outbreak of COVID-19, making the state relatively unique in its experience of the pandemic. Despite this, the state has experienced periods of social distancing requirements and associated impact on mental health service provision. Young people have been especially susceptible to mental health decline during the pandemic. Social distancing requirements have necessitated the rapid transition of mental health service provision from face-to-face to non-face-to-face alternatives. What this topic adds: Findings from this study provide localised insights into barriers and facilitators to engagement with non-face-to-face service delivery from the perspective of children and young people, carers and mental health professionals. Despite concerns about the relative efficacy of telehealth compared to traditional face-to-face services and challenges with technology, the majority of young people, parents, and mental health professionals in the study felt that moving forwards, child and youth mental health services should be provided using a flexible, blended approach where both face-to-face and non-face-to-face options are available. © 2022 Australian Psychological Society.","Scopus",NA,NA,NA,NA,NA,"https://www.scopus.com/inward/record.uri?eid=2-s2.0-85131686766&doi=10.1080%2F00050067.2022.2078649&partnerID=40&md5=75db35093bdc9b5a46a63cba62cf8f73","mind the distance: experiences of non-face-to-face child and youth mental health services during covid-19 social distancing restrictions in western australia","mcqueen m.; strauss p.; lin a.; freeman j.; hill n.; finlay-jones a.; bebbington k.; perry y.",NA,2857,"en","mind the distance: experiences of non-face-to-face child and youth mental health services during covid-19 social distancing restrictions in western australia objectives: following the outbreak of covid-19, social distancing restrictions limited access to face-to-face mental health services in western australia (wa), necessitating a rapid transition to non-face-to-face alternatives, including telehealth. the current study investigated barriers and facilitators to telehealth access and engagement, and preferences for child and youth mental health service delivery during and beyond covid-19. methods: three participant groups were recruited via social media and partner organisations, and completed a tailored online survey: i) young people (14–25 years) who had ever accessed or attempted to access mental health support or services (n = 84), ii) parents of young people with a child aged 0–25 years who had ever accessed or attempted to access mental health support or services with or on behalf of their child (n = 68), and iii) professionals working in the child or youth mental health sector (n = 167). results: regarding barriers to engagement, young people were primarily concerned with the privacy implications of telehealth and its efficacy relative to face-to-face alternatives. parents and clinicians were more concerned with the technological pitfalls of telehealth (e.g., internet-connectivity, picture/sound issues). telehealth’s accessibility was highlighted as a facilitator for all groups. although certain participant groups were considered to be more suited to telehealth than others, most participants endorsed a blended approach to the future provision of mental health services. conclusions: to facilitate a blended approach to the delivery of child and youth mental health services, participants recommended more reliable and affordable internet access, implementing funding models that support telehealth delivery, and training for clinical staff. key points: what is already known about this topic: at the time of writing, western australia has been fortunate enough to resist a large-scale outbreak of covid-19, making the state relatively unique in its experience of the pandemic. despite this, the state has experienced periods of social distancing requirements and associated impact on mental health service provision. young people have been especially susceptible to mental health decline during the pandemic. social distancing requirements have necessitated the rapid transition of mental health service provision from face-to-face to non-face-to-face alternatives. what this topic adds: findings from this study provide localised insights into barriers and facilitators to engagement with non-face-to-face service delivery from the perspective of children and young people, carers and mental health professionals. despite concerns about the relative efficacy of telehealth compared to traditional face-to-face services and challenges with technology, the majority of young people, parents, and mental health professionals in the study felt that moving forwards, child and youth mental health services should be provided using a flexible, blended approach where both face-to-face and non-face-to-face options are available. © 2022 australian psychological society.","Mind the Distance: Experiences of Non-Face-to-Face Child and Youth Mental Health Services During Covid-19 Social Distancing Restrictions in Western Australia.","selected",NA
"ref_0358","adolescents and negligent social media use","Lareki, A; Fraga-Varela, F; Martínez-de-Morentin, JI",2024,"TECHNOLOGY IN SOCIETY",NA,"78","","","","10.1016/j.techsoc.2024.102623","0160-791X; 1879-3274","Digital technology has evolved very quickly in a very short space of time, to the point at which it is now a personal technology that manages the information and communications of users who access the different services offered over the Internet - users who are increasingly younger and at greater risk. Negligent technology use is understood as use linked to the management of social media accounts and mobile apps that, while not intentionally harmful, may nevertheless place the user and/or others at risk. The study of negligent digital technology use during adolescence is vital to preventing risk behaviours through education. These types of behaviours range from anxiety to cyberbullying, device addiction, problems with self-perceptions of one's own body and depression, among others. In this context, the aim of the present study is to analyse negligent digital technology use among adolescents on social media, and to explore the perceptions of this population group regarding the seriousness of these actions and the possible relationship between the two variables. Participants were 2529 students aged between 10 and 17 years from seven regions in southern Europe spread across three countries (Spain, Italy and Greece). The instrument used to collect the data was an ad hoc questionnaire designed to measure, among other things, actions indicating negligent use, excessive use of social medial and perceptions of the seriousness of such social media behaviour. The results reveal that the most negligent actions carried out by minors are: arranging to meet people they met on a social media site; displaying personal information in their account; and giving their passwords to people other than their parents and/or teachers. The results also indicate that adolescents engage in those negligent actions that they perceive to be less serious more assiduously, and carry out those they perceive to be more serious more sporadically. One of the principal findings was the increase in negligent use among older adolescents, which suggests that education in this field needs to begin much earlier, ideally before the age of 12 years.","wos1000.ris",NA,NA,NA,NA,NA,NA,"adolescents and negligent social media use","lareki, a; fraga-varela, f; martínez-de-morentin, ji",NA,356,"en","adolescents and negligent social media use digital technology has evolved very quickly in a very short space of time, to the point at which it is now a personal technology that manages the information and communications of users who access the different services offered over the internet - users who are increasingly younger and at greater risk. negligent technology use is understood as use linked to the management of social media accounts and mobile apps that, while not intentionally harmful, may nevertheless place the user and/or others at risk. the study of negligent digital technology use during adolescence is vital to preventing risk behaviours through education. these types of behaviours range from anxiety to cyberbullying, device addiction, problems with self-perceptions of one's own body and depression, among others. in this context, the aim of the present study is to analyse negligent digital technology use among adolescents on social media, and to explore the perceptions of this population group regarding the seriousness of these actions and the possible relationship between the two variables. participants were 2529 students aged between 10 and 17 years from seven regions in southern europe spread across three countries (spain, italy and greece). the instrument used to collect the data was an ad hoc questionnaire designed to measure, among other things, actions indicating negligent use, excessive use of social medial and perceptions of the seriousness of such social media behaviour. the results reveal that the most negligent actions carried out by minors are: arranging to meet people they met on a social media site; displaying personal information in their account; and giving their passwords to people other than their parents and/or teachers. the results also indicate that adolescents engage in those negligent actions that they perceive to be less serious more assiduously, and carry out those they perceive to be more serious more sporadically. one of the principal findings was the increase in negligent use among older adolescents, which suggests that education in this field needs to begin much earlier, ideally before the age of 12 years.","Adolescents and Negligent Social Media Use.","selected",NA
"ref_2899","minding our futures: understanding climate-related mental wellbeing using systems science","Patrick R.; Noy S.; Henderson-Wilson C.; Hayward J.; Allender S.; Gunasiri H.; Bruges N.; Snell T.; Capetola T.",2023,"Health and Place",NA,"84","","","","10.1016/j.healthplace.2023.103134",NA,"Introduction: Climate change impacts mental wellbeing through complex pathways and young people are among the most vulnerable to climate-related anxiety. Minding our Futures used methods from systems science to explore this issue and identify actions to promote mental wellbeing for young Australians (18–24 years). Methods: This qualitative study used Group Model Building via three online facilitated workshops recruiting health, youth and climate practitioners and researchers engaged with young people around climate change and/or mental wellbeing (N = 14). Analysis created a systems map and rich description of the relationships between causal factors and their impact on young people. Results: Three themes emerged; “Government, Services and Structures” highlighted underlying structural issues including capitalism and political powerlessness; “Social Norms, Communication and Taking Action” reflected social media and misinformation; and “Personal Experience of Environmental Disasters” described the impact of climate-related disasters and importance of nature and place connection. Participants specified connections between the themes and mental health outcomes. Conclusion: This novel applied translational research process supported key informants to design structural responses to a complex and critical public health issue. Their vision was a multi-faceted approach, co-led with young people, drawing on Indigenous knowledges and change-focused policy, community empowerment and nature-based interventions. © 2023","Scopus",NA,NA,NA,NA,NA,"https://www.scopus.com/inward/record.uri?eid=2-s2.0-85177793616&doi=10.1016%2Fj.healthplace.2023.103134&partnerID=40&md5=06922f551cd2dfe7572ce12ea222e204","minding our futures: understanding climate-related mental wellbeing using systems science","patrick r.; noy s.; henderson-wilson c.; hayward j.; allender s.; gunasiri h.; bruges n.; snell t.; capetola t.",NA,2884,"en","minding our futures: understanding climate-related mental wellbeing using systems science introduction: climate change impacts mental wellbeing through complex pathways and young people are among the most vulnerable to climate-related anxiety. minding our futures used methods from systems science to explore this issue and identify actions to promote mental wellbeing for young australians (18–24 years). methods: this qualitative study used group model building via three online facilitated workshops recruiting health, youth and climate practitioners and researchers engaged with young people around climate change and/or mental wellbeing (n = 14). analysis created a systems map and rich description of the relationships between causal factors and their impact on young people. results: three themes emerged; “government, services and structures” highlighted underlying structural issues including capitalism and political powerlessness; “social norms, communication and taking action” reflected social media and misinformation; and “personal experience of environmental disasters” described the impact of climate-related disasters and importance of nature and place connection. participants specified connections between the themes and mental health outcomes. conclusion: this novel applied translational research process supported key informants to design structural responses to a complex and critical public health issue. their vision was a multi-faceted approach, co-led with young people, drawing on indigenous knowledges and change-focused policy, community empowerment and nature-based interventions. © 2023","Minding Our Futures: Understanding Climate-Related Mental Wellbeing using Systems Science.","selected",NA
"ref_0706","associations of active and passive smartphone use with measures of youth mental health during the covid-19 pandemic","S Marin-Dragu, A Forbes, S Sheikh, RS Iyer…",2023,"Psychiatry …","Elsevier",NA,NA,NA,NA,NA,NA,"… use, would be associated with worse mental health in youth and whether an active form of … targeting passive smartphone use may contribute to improving the mental health of youth. …",NA,"https://www.sciencedirect.com/science/article/pii/S0165178123002482",NA,"https://scholar.google.com/scholar?cites=16586236438507612610&as_sdt=2005&sciodt=2007&hl=en","https://pmc.ncbi.nlm.nih.gov/articles/PMC10256630/pdf/main.pdf","https://scholar.google.com/scholar?q=related:wunixSkmLuYJ:scholar.google.com/&scioq=%22digital+device*%22%7Csmartphone*%7C%22mobile+phone*%22%7C%22screen+time%22%7C%22social+media%22%7C%22internet+use%22%7C%22digital+technolog*%22%7C%22online+activity%22+%22mental+health%22%7Cwellbeing%7C%22well+being%22%7Cdepression%7Canxiety%7Cstress%7C%22psychological+distress%22%7C%22mental+disorder*%22+%22young+adult*%22%7Cyouth%7C%22college+student*%22%7C%22university+student*%22%7Cadolescent*&hl=en&as_sdt=2007",NA,"associations of active and passive smartphone use with measures of youth mental health during the covid-19 pandemic","s marin-dragu, a forbes, s sheikh, rs iyer…",NA,703,"en","associations of active and passive smartphone use with measures of youth mental health during the covid-19 pandemic … use, would be associated with worse mental health in youth and whether an active form of … targeting passive smartphone use may contribute to improving the mental health of youth. …","Associations of Active and Passive Smartphone Use with Measures of Youth Mental Health During the Covid-19 Pandemic.","selected",NA
"ref_3621","psychological care in low-resource settings for adolescents","Galagali, PM; Brooks, MJ",2020,"CLINICAL CHILD PSYCHOLOGY AND PSYCHIATRY",NA,"25","3","698","711","10.1177/1359104520929741","1359-1045; 1461-7021","Adolescents living in low-resource settings lack access to adequate psychological care. The barriers to mental health care in low- and middle-income countries (LMIC) include high disease burden, low allocation of resources, lack of national mental health policy and child and adolescent mental health (CAMH) professionals and services, poverty, illiteracy and poor availability of adolescent friendly health services. WHO has recommended a stepped task shifting approach to mental health care in LMIC. Training of non-mental health specialists like peers, teachers, community health workers, paediatricians and primary care physicians by CAMH and framing country-specific evidence-based national mental health policies are vital in overcoming barriers to psychological care in LMIC. Digital technology and telemedicine can be used in providing economical and accessible mental health care services to adolescents.","wos1000.ris",NA,NA,NA,NA,NA,NA,"psychological care in low-resource settings for adolescents","galagali, pm; brooks, mj",NA,3603,"en","psychological care in low-resource settings for adolescents adolescents living in low-resource settings lack access to adequate psychological care. the barriers to mental health care in low- and middle-income countries (lmic) include high disease burden, low allocation of resources, lack of national mental health policy and child and adolescent mental health (camh) professionals and services, poverty, illiteracy and poor availability of adolescent friendly health services. who has recommended a stepped task shifting approach to mental health care in lmic. training of non-mental health specialists like peers, teachers, community health workers, paediatricians and primary care physicians by camh and framing country-specific evidence-based national mental health policies are vital in overcoming barriers to psychological care in lmic. digital technology and telemedicine can be used in providing economical and accessible mental health care services to adolescents.","Psychological Care in Low-Resource Settings for Adolescents.","selected",NA
"ref_4225","social media misuse explained by emotion dysregulation and self-concept: an ecological momentary assessment approach","Rogier, G; Muzi, S; Pace, CS",2024,"COGNITION & EMOTION",NA,"38","8","1261","1270","10.1080/02699931.2024.2363413","0269-9931; 1464-0600","Studies suggested that emotion dysregulation and identity processes are involved in social media (SM) misuse, even if their proximal role has not been investigated. Previous studies rarely discriminated between specific activities or between types of SM. We recruited 50 young adults and implemented a momentary ecological assessment measurement. Four times by day, during seven days, we measured SM use, frequency of several activities on SM, emotion dysregulation, distress and clarity of self-concept. Daily time spent on Facebook, Instagram and TikTok were retrieved from devices. Intradaily changes in emotion dysregulation and clarity of self-concept predict changes in SM addiction symptoms and frequency of use according to the type of activity. Daily changes in time spent on SM were not predicted by emotion dysregulation, distress and self-concept clarity. Findings suggest that emotion dysregulation and poor self-concept clarity are proximal risk factors for SM misuse.","wos2000.ris",NA,NA,NA,NA,NA,NA,"social media misuse explained by emotion dysregulation and self-concept: an ecological momentary assessment approach","rogier, g; muzi, s; pace, cs",NA,4199,"en","social media misuse explained by emotion dysregulation and self-concept: an ecological momentary assessment approach studies suggested that emotion dysregulation and identity processes are involved in social media (sm) misuse, even if their proximal role has not been investigated. previous studies rarely discriminated between specific activities or between types of sm. we recruited 50 young adults and implemented a momentary ecological assessment measurement. four times by day, during seven days, we measured sm use, frequency of several activities on sm, emotion dysregulation, distress and clarity of self-concept. daily time spent on facebook, instagram and tiktok were retrieved from devices. intradaily changes in emotion dysregulation and clarity of self-concept predict changes in sm addiction symptoms and frequency of use according to the type of activity. daily changes in time spent on sm were not predicted by emotion dysregulation, distress and self-concept clarity. findings suggest that emotion dysregulation and poor self-concept clarity are proximal risk factors for sm misuse.","Social Media Misuse Explained by Emotion Dysregulation and Self-Concept: An Ecological Momentary Assessment Approach.","selected",NA
"ref_0778","benefits and harms of social media use: a latent profile analysis of emerging adults","Keum B.T.H.; Wang Y.-W.; Callaway J.; Abebe I.; Cruz T.; O’Connor S.",2023,"Current Psychology",NA,"42","27","23506","23518","10.1007/s12144-022-03473-5",NA,"The rise in social media use among emerging adults in the United States has been well-documented, but researchers are still working on identifying how the type—not just the frequency—of use impacts psychological well-being. We identified “profiles” of social media use among young adults based on the frequency and purposes of use, and examined their associations with benefits and harms to psychosocial well-being, using data from 2828 incoming undergraduate students (Mage = 18.29 years; age range: 17 to 25 years). Using Latent Profile Analysis, we identified three unique profiles of individuals who used social media with varying levels of intensity across different purposes: Active Users (32.4%), Passive Users (25.3%), and Average Users (42.4%). Each profile was associated with varying levels of beneficial and harmful psychosocial outcomes. Compared to Average Users, (a) Active Users reported significantly better psychosocial well-being, but also more harmful outcomes; and (b) Passive Users experienced significantly lower levels of perceived social media benefits and social connectedness, while also reporting less problematic social media use and social media stress. Implications of these findings for research and practice are discussed. © 2022, The Author(s).","Scopus",NA,NA,NA,NA,NA,"https://www.scopus.com/inward/record.uri?eid=2-s2.0-85134653575&doi=10.1007%2Fs12144-022-03473-5&partnerID=40&md5=5b426bfb497c3b5b6f61ffa12af99401","benefits and harms of social media use: a latent profile analysis of emerging adults","keum b.t.h.; wang y.-w.; callaway j.; abebe i.; cruz t.; o’connor s.",NA,775,"en","benefits and harms of social media use: a latent profile analysis of emerging adults the rise in social media use among emerging adults in the united states has been well-documented, but researchers are still working on identifying how the type—not just the frequency—of use impacts psychological well-being. we identified “profiles” of social media use among young adults based on the frequency and purposes of use, and examined their associations with benefits and harms to psychosocial well-being, using data from 2828 incoming undergraduate students (mage = 18.29 years; age range: 17 to 25 years). using latent profile analysis, we identified three unique profiles of individuals who used social media with varying levels of intensity across different purposes: active users (32.4%), passive users (25.3%), and average users (42.4%). each profile was associated with varying levels of beneficial and harmful psychosocial outcomes. compared to average users, (a) active users reported significantly better psychosocial well-being, but also more harmful outcomes; and (b) passive users experienced significantly lower levels of perceived social media benefits and social connectedness, while also reporting less problematic social media use and social media stress. implications of these findings for research and practice are discussed. © 2022, the author(s).","Benefits and Harms of Social Media Use: a Latent Profile Analysis of Emerging Adults.","selected",NA
"ref_1486","does body image dissatisfaction exacerbate smartphone addiction among chinese college students?","Xu, PZ; Shao, KC",2025,"FRONTIERS IN PSYCHOLOGY",NA,"16","","","","10.3389/fpsyg.2025.1618979","1664-1078","Introduction In the context of the widespread use of mobile internet and smartphones, the issue of excessive smartphone uses and even addiction among college students has become an important social concern. However, the relationship between body image satisfaction, which is a key factor influencing psychological state and behavioral choices, and smartphone addiction has not been fully explored.Methods This paper focuses on the impact of college students' body image satisfaction on smartphone addiction. In the theoretical part, this paper constructs a theoretical framework of smartphone addiction based on objectification theory. Using survey data from 1,958 college students in 7 universities across 3 provinces in China, this study evaluates the levels of smartphone addiction and body image satisfaction among Chinese college students using the Smartphone Addiction Scale-Short Version (SAS-SV) and the Body Image State Scale (BISS). In the empirical part, an OLS model is employed to analyze the impact of college students' body image satisfaction on smartphone addiction.Results The study finds that a 1% decrease in college students' body image satisfaction leads to a 5.76% increase in smartphone addiction.Discussion This conclusion varies by gender and discipline: in terms of gender differences, the impact of body image dissatisfaction on smartphone addiction among female college students is 1% higher than that among male college students; regarding discipline differences, the impact of body image dissatisfaction on smartphone addiction among students in humanities and social sciences is 2% higher than that among students in science and engineering. In the mechanism analysis, it is found that the frequent use of short-video and e-shopping apps among college students further exacerbates the impact of body image dissatisfaction on smartphone addiction.","wos1000.ris",NA,NA,NA,NA,NA,NA,"does body image dissatisfaction exacerbate smartphone addiction among chinese college students?","xu, pz; shao, kc",NA,1478,"en","does body image dissatisfaction exacerbate smartphone addiction among chinese college students? introduction in the context of the widespread use of mobile internet and smartphones, the issue of excessive smartphone uses and even addiction among college students has become an important social concern. however, the relationship between body image satisfaction, which is a key factor influencing psychological state and behavioral choices, and smartphone addiction has not been fully explored.methods this paper focuses on the impact of college students' body image satisfaction on smartphone addiction. in the theoretical part, this paper constructs a theoretical framework of smartphone addiction based on objectification theory. using survey data from 1,958 college students in 7 universities across 3 provinces in china, this study evaluates the levels of smartphone addiction and body image satisfaction among chinese college students using the smartphone addiction scale-short version (sas-sv) and the body image state scale (biss). in the empirical part, an ols model is employed to analyze the impact of college students' body image satisfaction on smartphone addiction.results the study finds that a 1% decrease in college students' body image satisfaction leads to a 5.76% increase in smartphone addiction.discussion this conclusion varies by gender and discipline: in terms of gender differences, the impact of body image dissatisfaction on smartphone addiction among female college students is 1% higher than that among male college students; regarding discipline differences, the impact of body image dissatisfaction on smartphone addiction among students in humanities and social sciences is 2% higher than that among students in science and engineering. in the mechanism analysis, it is found that the frequent use of short-video and e-shopping apps among college students further exacerbates the impact of body image dissatisfaction on smartphone addiction.","Does Body Image Dissatisfaction Exacerbate Smartphone Addiction among Chinese College Students?","selected",NA
"ref_1409","digital platforms and educational tools for enhancing menstrual health: a scoping review","Jimenez, S; Lent, A; Kaleem, S; Eldawy, N; Mendonca, J; Etzel, M; Brinzo, P; Burgoa, S; Zerrouki, Y; Follin, T; Mejia, M; Kitsantas, P; Sacca, L",2025,"INTERNATIONAL JOURNAL OF SEXUAL HEALTH",NA,"37","3","350","368","10.1080/19317611.2025.2496218","1931-7611; 1931-762X","BackgroundMenstruating individuals have the right to access proper menstrual health education and hygiene practices. However, many of these individuals experience period poverty, which is defined as the lack of access to safe and hygienic menstrual products, basic sanitation services, adequate waste disposal systems, and menstrual hygiene education. Although the negative effects of period poverty on the physical, social, and mental well-being of menstruating adolescents have been emphasized and reported as a major public health issue, there remains a gap in research exploring the impact of evidence-based digital menstrual health educational tools on improving overall health outcomes and mental well-being of menstruating individuals. This scoping review aims to address this gap in period poverty and menstrual health research by exploring the availability of online educational intervention and digital platforms on menstrual health.MethodsThe Preferred Reporting Items for Systematic Reviews and Meta-Analyses Extension for Scoping Reviews (PRISMA-ScR) was utilized as a reference checklist for this study. The Arksey and O'Malley Framework was used to guide the methodology for this review. The Joanna Briggs Institute recommendations were used for the extraction, analysis, and presentation of results for the review.ResultsAfter a full study review, seven studies were retained for analysis. The majority of the barriers were classified into the ""Study design and methodological issues"" (n = 10) theme category, which encompassed lack of validated tools for compliance, limited power, loss to follow-up, and inability to build evidence for causation among others. The second most cited barrier theme category was ""Generalizability and selection bias"" (n = 8). Lessons learned across included studies were identified regarding the use of social media, interventions, and period-tracking apps. Future interventions should consider individual preference for receiving materials (i.e., through web pages vs apps), cost-effectiveness, research methods to improve user engagement, and involve families and community members in improving attitudes and knowledge.ConclusionFindings from this review will provide recommendations and inform future implementation and broader dissemination of such platforms for further improvement of menstrual health outcomes.","wos3981.ris",NA,NA,NA,NA,NA,NA,"digital platforms and educational tools for enhancing menstrual health: a scoping review","jimenez, s; lent, a; kaleem, s; eldawy, n; mendonca, j; etzel, m; brinzo, p; burgoa, s; zerrouki, y; follin, t; mejia, m; kitsantas, p; sacca, l",NA,1401,"en","digital platforms and educational tools for enhancing menstrual health: a scoping review backgroundmenstruating individuals have the right to access proper menstrual health education and hygiene practices. however, many of these individuals experience period poverty, which is defined as the lack of access to safe and hygienic menstrual products, basic sanitation services, adequate waste disposal systems, and menstrual hygiene education. although the negative effects of period poverty on the physical, social, and mental well-being of menstruating adolescents have been emphasized and reported as a major public health issue, there remains a gap in research exploring the impact of evidence-based digital menstrual health educational tools on improving overall health outcomes and mental well-being of menstruating individuals. this scoping review aims to address this gap in period poverty and menstrual health research by exploring the availability of online educational intervention and digital platforms on menstrual health.methodsthe preferred reporting items for systematic reviews and meta-analyses extension for scoping reviews (prisma-scr) was utilized as a reference checklist for this study. the arksey and o'malley framework was used to guide the methodology for this review. the joanna briggs institute recommendations were used for the extraction, analysis, and presentation of results for the review.resultsafter a full study review, seven studies were retained for analysis. the majority of the barriers were classified into the ""study design and methodological issues"" (n = 10) theme category, which encompassed lack of validated tools for compliance, limited power, loss to follow-up, and inability to build evidence for causation among others. the second most cited barrier theme category was ""generalizability and selection bias"" (n = 8). lessons learned across included studies were identified regarding the use of social media, interventions, and period-tracking apps. future interventions should consider individual preference for receiving materials (i.e., through web pages vs apps), cost-effectiveness, research methods to improve user engagement, and involve families and community members in improving attitudes and knowledge.conclusionfindings from this review will provide recommendations and inform future implementation and broader dissemination of such platforms for further improvement of menstrual health outcomes.","Digital Platforms and Educational Tools for Enhancing Menstrual Health: a Scoping Review.","selected",NA
"ref_0203","a pilot implementation-effectiveness trial of a single-session telehealth workshop and smartphone-based cognitive behavioral intervention for managing emotions among college students","Kleiman E.M.; Bentley K.H.; Wacha-Montes A.; Taylor M.E.; Lozy O.; Conti K.; Reese Mayer W.",2022,"Behavior Therapy",NA,"53","5","1024","1036","10.1016/j.beth.2022.04.008",NA,"The number of college students who need mental health treatment outpaces the resources available to counseling centers to provide these needed services, presenting a need for low-cost, scalable interventions for college populations. We conducted a pilot implementation-effectiveness trial of a scalable treatment package that consisted of a single (telehealth) workshop plus a companion app that provided ecological momentary intervention. Participants (n = 177) received a workshop provided by counseling center staff and trainees. We were interested in (1) engagement with the app, (2) acceptability of the treatment package, and (3) initial effectiveness of the treatment package. Regarding engagement with the app, we found that participants preferred two reminder prompts per day and identified two key breakpoints when engagement declined significantly: at day 15, when just over half of the sample practiced a skill on the app at least once during the day and at day 41, when just over one third of people practiced a skill on the app each day. Regarding acceptability of the treatment package, students generally reported positive attitudes about the single-session workshop and app, but also noted that the content and assessments in the app needed to be more dynamic to improve how engaging it is. Regarding effectiveness, we found that about 75% of the sample experienced a significant reduction in negative affect from pre- to post-ecological momentary intervention. Moreover, there were significant pre- to post-study decreases in experiential avoidance and symptoms of anxiety and depression and increases in self-efficacy for managing negative emotions. The results of this study are promising in terms of providing initial support for this novel treatment package and provide useful information for researchers planning to develop and test similar interventions. © 2022","Scopus",NA,NA,NA,NA,NA,"https://www.scopus.com/inward/record.uri?eid=2-s2.0-85132417330&doi=10.1016%2Fj.beth.2022.04.008&partnerID=40&md5=58bf43fcf377b542fc48a5c54b4bdf23","a pilot implementation-effectiveness trial of a single-session telehealth workshop and smartphone-based cognitive behavioral intervention for managing emotions among college students","kleiman e.m.; bentley k.h.; wacha-montes a.; taylor m.e.; lozy o.; conti k.; reese mayer w.",NA,201,"en","a pilot implementation-effectiveness trial of a single-session telehealth workshop and smartphone-based cognitive behavioral intervention for managing emotions among college students the number of college students who need mental health treatment outpaces the resources available to counseling centers to provide these needed services, presenting a need for low-cost, scalable interventions for college populations. we conducted a pilot implementation-effectiveness trial of a scalable treatment package that consisted of a single (telehealth) workshop plus a companion app that provided ecological momentary intervention. participants (n = 177) received a workshop provided by counseling center staff and trainees. we were interested in (1) engagement with the app, (2) acceptability of the treatment package, and (3) initial effectiveness of the treatment package. regarding engagement with the app, we found that participants preferred two reminder prompts per day and identified two key breakpoints when engagement declined significantly: at day 15, when just over half of the sample practiced a skill on the app at least once during the day and at day 41, when just over one third of people practiced a skill on the app each day. regarding acceptability of the treatment package, students generally reported positive attitudes about the single-session workshop and app, but also noted that the content and assessments in the app needed to be more dynamic to improve how engaging it is. regarding effectiveness, we found that about 75% of the sample experienced a significant reduction in negative affect from pre- to post-ecological momentary intervention. moreover, there were significant pre- to post-study decreases in experiential avoidance and symptoms of anxiety and depression and increases in self-efficacy for managing negative emotions. the results of this study are promising in terms of providing initial support for this novel treatment package and provide useful information for researchers planning to develop and test similar interventions. © 2022","a Pilot Implementation-Effectiveness Trial of a Single-Session Telehealth Workshop and Smartphone-Based Cognitive Behavioral Intervention for Managing Emotions among College Students.","selected",NA
"ref_2222","how cyberstalking victimization shapes academic and mental health outcomes in college students","Ugwu K.O.; Trejos-Castillo E.",2025,"Deviant Behavior",NA,"","","","","10.1080/01639625.2025.2537443",NA,"Despite the current strength of positive youth development in building a thriving society, the increased use of the internet and social media with subsequent increase in prevalence of cyberstalking, especially in academic environments, poses greater risk to youth. Hence, this study aimed to examine the association between cyberstalking victimization and academic motivation and mental health outcomes, and the mediating effect of self-esteem on these associations, while also evaluating gender differences. The sample consisted of 412 undergraduate students at a major university who were recruited through a self-reported electronic survey. Regression analysis showed that Cyberstalking Victimization was negatively associated with academic motivation and positively associated with mental health outcomes: anxiety, PTSD, and depression, controlling for self-esteem, age, income, and student nationality. These impacts were also consistent with individual types of cyberstalking, with gender differences observed for online threats of violence and online harassment. The mediation result indicated that self-esteem was a partial mediator in the association between cyberstalking victimization and (a) academic motivation, (b) anxiety (c) PTSD, and (d) depression. Cyberstalking victimization decreases students` self-esteem which in turn decreases their motivation for academic activities and increases their mental health outcomes. This research is invaluable in policy formulation and implementation regarding cybersecurity in school environments. © 2025 Taylor & Francis Group, LLC.","Scopus",NA,NA,NA,NA,NA,"https://www.scopus.com/inward/record.uri?eid=2-s2.0-105012424970&doi=10.1080%2F01639625.2025.2537443&partnerID=40&md5=22b94b9a8762f0e170b5b2cd4d9aac3d","how cyberstalking victimization shapes academic and mental health outcomes in college students","ugwu k.o.; trejos-castillo e.",NA,2210,"en","how cyberstalking victimization shapes academic and mental health outcomes in college students despite the current strength of positive youth development in building a thriving society, the increased use of the internet and social media with subsequent increase in prevalence of cyberstalking, especially in academic environments, poses greater risk to youth. hence, this study aimed to examine the association between cyberstalking victimization and academic motivation and mental health outcomes, and the mediating effect of self-esteem on these associations, while also evaluating gender differences. the sample consisted of 412 undergraduate students at a major university who were recruited through a self-reported electronic survey. regression analysis showed that cyberstalking victimization was negatively associated with academic motivation and positively associated with mental health outcomes: anxiety, ptsd, and depression, controlling for self-esteem, age, income, and student nationality. these impacts were also consistent with individual types of cyberstalking, with gender differences observed for online threats of violence and online harassment. the mediation result indicated that self-esteem was a partial mediator in the association between cyberstalking victimization and (a) academic motivation, (b) anxiety (c) ptsd, and (d) depression. cyberstalking victimization decreases students` self-esteem which in turn decreases their motivation for academic activities and increases their mental health outcomes. this research is invaluable in policy formulation and implementation regarding cybersecurity in school environments. © 2025 taylor & francis group, llc.","How Cyberstalking Victimization Shapes Academic and Mental Health Outcomes in College Students.","selected",NA
"ref_0443","ambivalent visibilities: social media bullying and disconnective practice of the youth","Bernadas, JMAC; Soriano, CR; Cabañes, JVA; Tarroja, MCH",2025,"CONVERGENCE-THE INTERNATIONAL JOURNAL OF RESEARCH INTO NEW MEDIA TECHNOLOGIES",NA,"31","3","1079","1097","10.1177/13548565251328774","1354-8565; 1748-7382","While bullying on social media among the youth remains a public health problem, there is little that we know about ways of dealing with bullying by disconnection. In this article, we build upon the concepts of disconnective practice (Light, 2014) and visibility (Brighenti, 2007) to explain the ways into which the youth deal with bullying on social media. We draw evidence from in-depth interviews with 152 youth across the Philippines. First, we find that disconnective practice is a continuum of acts that involves disconnecting from people and messages and is anchored on temporality. Second, we find that visibility is both a condition for and a process of disconnective practice. Grounded in the youth's experiences with bullying on social media, we suggest the concept of ambivalent visibilities to characterize the youth's efforts to manage their well-being amid the volatile landscape of social media interactions. We conclude this article by discussing the implications of ambivalent visibilities for Filipino youth, their support networks, and technology designers and platform owners.","wos3000.ris",NA,NA,NA,NA,NA,NA,"ambivalent visibilities: social media bullying and disconnective practice of the youth","bernadas, jmac; soriano, cr; cabañes, jva; tarroja, mch",NA,441,"en","ambivalent visibilities: social media bullying and disconnective practice of the youth while bullying on social media among the youth remains a public health problem, there is little that we know about ways of dealing with bullying by disconnection. in this article, we build upon the concepts of disconnective practice (light, 2014) and visibility (brighenti, 2007) to explain the ways into which the youth deal with bullying on social media. we draw evidence from in-depth interviews with 152 youth across the philippines. first, we find that disconnective practice is a continuum of acts that involves disconnecting from people and messages and is anchored on temporality. second, we find that visibility is both a condition for and a process of disconnective practice. grounded in the youth's experiences with bullying on social media, we suggest the concept of ambivalent visibilities to characterize the youth's efforts to manage their well-being amid the volatile landscape of social media interactions. we conclude this article by discussing the implications of ambivalent visibilities for filipino youth, their support networks, and technology designers and platform owners.","Ambivalent Visibilities: Social Media Bullying and Disconnective Practice of the Youth.","selected",NA
"ref_1609","effects of parental psychological control on child's school life: mobile phone dependency as mediator","Lee, S; Lee, K; Yi, SH; Park, HJ; Hong, YJ; Cho, H",2016,"JOURNAL OF CHILD AND FAMILY STUDIES",NA,"25","2","407","418","10.1007/s10826-015-0251-2","1062-1024; 1573-2843","Ecological view of human development calls for an investigation of multiple contexts surrounding children. In South Korea, traditional Confucianism and recent technological advancements serve as influential social and cultural contexts that affect parent-child relations and child development. High levels of parental control and strong emphasis on academic achievement have long been distinctive features of Korean parenting practices, which are attributable to Confucian values. Additionally, Korean children's mobile phone dependency (MPD) has become a growing concern, as South Korea developed as an IT powerhouse. Combined, these contexts resulted in high parental control of children's mobile phone use, so that such electronic devices would not hinder learning and achievement. Effects of high parental control on children's MPD and their school life, however, have yet to be discovered. We hypothesized, that, unlike parents' intentions, psychological control is more likely to increase MPD and disrupt school life. To examine this research model, we made use of the first and third wave data from Korea Children and Youth Panel Survey. Participants were 2378 children (52.2 % boys) of the same age of 10 in the first wave. After multiple imputation for missing values, hierarchical logistic regression followed to examine the mediational model. The results verified the hypothesized model, showing significant adverse influence of psychological control on MPD, self-regulated learning and school adjustment. MPD fully mediated the effect of psychological control on self-regulations, while partially mediating the effects on school adjustment. Implications for Korean parents with regard to supporting children's psychological autonomy was discussed.","wos1000.ris",NA,NA,NA,NA,NA,NA,"effects of parental psychological control on child's school life: mobile phone dependency as mediator","lee, s; lee, k; yi, sh; park, hj; hong, yj; cho, h",NA,1601,"en","effects of parental psychological control on child's school life: mobile phone dependency as mediator ecological view of human development calls for an investigation of multiple contexts surrounding children. in south korea, traditional confucianism and recent technological advancements serve as influential social and cultural contexts that affect parent-child relations and child development. high levels of parental control and strong emphasis on academic achievement have long been distinctive features of korean parenting practices, which are attributable to confucian values. additionally, korean children's mobile phone dependency (mpd) has become a growing concern, as south korea developed as an it powerhouse. combined, these contexts resulted in high parental control of children's mobile phone use, so that such electronic devices would not hinder learning and achievement. effects of high parental control on children's mpd and their school life, however, have yet to be discovered. we hypothesized, that, unlike parents' intentions, psychological control is more likely to increase mpd and disrupt school life. to examine this research model, we made use of the first and third wave data from korea children and youth panel survey. participants were 2378 children (52.2 % boys) of the same age of 10 in the first wave. after multiple imputation for missing values, hierarchical logistic regression followed to examine the mediational model. the results verified the hypothesized model, showing significant adverse influence of psychological control on mpd, self-regulated learning and school adjustment. mpd fully mediated the effect of psychological control on self-regulations, while partially mediating the effects on school adjustment. implications for korean parents with regard to supporting children's psychological autonomy was discussed.","Effects of Parental Psychological Control on Child's School Life: Mobile Phone Dependency as Mediator.","selected",NA
